date,priced,priced_step,priced_cum,rules,rules_step,rules_cum,rules_q25,rules_q75,rules_low,rules_high,quarter_points,calls,calls_q25,calls_q75
2026-10-28,3.93,4.951,4.951,3.923,4.272,4.272,3.905,3.961,3.869,3.977,0,4.463,4.38,5.441
2026-12-09,4.136,20.631,25.582,3.965,4.272,8.543,3.93,4.042,3.858,4.074,0,4.463,4.38,5.441
2027-01-27,4.24,10.402,35.984,3.995,2.957,11.5,3.95,4.093,3.848,4.144,0,4.365,4.294,5.055
2027-03-17,4.418,17.853,53.837,4.025,2.957,14.457,3.97,4.144,3.837,4.215,1,4.365,4.294,5.055
2027-04-28,4.515,9.616,63.452,4.047,2.289,16.746,3.985,4.177,3.827,4.269,1,4.369,4.245,4.794
2027-06-09,4.625,11.015,74.467,4.07,2.254,19.001,3.999,4.211,3.816,4.324,1,4.369,4.245,4.794
2027-07-28,4.667,4.192,78.66,4.09,1.978,20.978,4.014,4.235,3.809,4.369,1,4.401,4.285,4.67
2027-09-15,4.708,4.091,82.751,4.11,1.978,22.956,4.028,4.258,3.802,4.415,1,4.401,4.285,4.67
2027-10-27,4.701,-0.632,82.119,4.128,1.864,24.821,4.044,4.268,3.798,4.447,1,4.412,4.307,4.5
2027-12-08,4.685,-1.652,80.467,4.147,1.892,26.712,4.06,4.278,3.795,4.479,1,4.412,4.307,4.5
