date,policy_priced,policy_rules_call_for,policy_rules,2y_priced,3y_priced,5y_priced,7y_priced,10y_priced,20y_priced,30y_priced,2y_rules,3y_rules,5y_rules,7y_rules,10y_rules,20y_rules,30y_rules
2026-10-31,3.925,4.463,3.923,4.829,4.91,5.035,5.143,5.251,5.657,5.606,4.827,4.908,5.033,5.141,5.249,5.656,5.605
2026-11-30,3.925,4.463,3.923,4.868,4.938,5.056,5.16,5.265,5.668,5.614,4.867,4.936,5.055,5.158,5.264,5.666,5.613
2026-12-31,4.128,4.463,3.965,4.898,4.961,5.074,5.174,5.278,5.677,5.621,4.79,4.849,4.967,5.075,5.19,5.606,5.557
2027-01-31,4.23,4.365,3.995,4.925,4.982,5.091,5.188,5.291,5.685,5.628,4.768,4.82,4.936,5.045,5.163,5.583,5.536
2027-02-28,4.23,4.365,3.995,4.953,5.004,5.108,5.202,5.303,5.693,5.635,4.796,4.842,4.953,5.058,5.175,5.591,5.542
2027-03-31,4.404,4.365,4.025,4.985,5.029,5.127,5.218,5.317,5.702,5.642,4.731,4.767,4.877,4.986,5.111,5.538,5.493
2027-04-30,4.5,4.369,4.047,5.014,5.052,5.145,5.232,5.33,5.711,5.649,4.712,4.74,4.846,4.956,5.084,5.515,5.472
2027-05-31,4.5,4.369,4.047,5.041,5.073,5.162,5.246,5.343,5.72,5.656,4.738,4.761,4.864,4.969,5.097,5.524,5.478
2027-06-30,4.607,4.369,4.07,5.062,5.091,5.178,5.258,5.354,5.727,5.662,4.704,4.722,4.823,4.93,5.063,5.495,5.452
2027-07-31,4.645,4.401,4.09,5.082,5.108,5.192,5.269,5.366,5.735,5.668,4.711,4.725,4.825,4.93,5.064,5.494,5.45
2027-08-31,4.645,4.401,4.09,5.098,5.123,5.205,5.28,5.377,5.742,5.673,4.727,4.74,4.838,4.941,5.075,5.501,5.455
2027-09-30,4.684,4.401,4.11,5.112,5.136,5.217,5.289,5.386,5.748,5.678,4.728,4.74,4.838,4.939,5.074,5.499,5.453
2027-10-31,4.695,4.412,4.128,5.125,5.148,5.228,5.298,5.396,5.754,5.683,4.747,4.757,4.854,4.952,5.088,5.509,5.461
2027-11-30,4.695,4.412,4.128,5.134,5.157,5.237,5.306,5.405,5.759,5.687,4.756,4.766,4.863,4.96,5.097,5.514,5.465
2027-12-31,4.689,4.412,4.147,5.141,5.164,5.245,5.312,5.413,5.764,5.691,4.778,4.79,4.887,4.981,5.119,5.53,5.478
