name,neutral,neutral_now,inflation,start,end,n,rho,a,b,se,used,calls
"Laubach-Williams, CPI",Laubach-Williams,1.512,CPI,1987Q4,2026Q3,120,0.897,0.892,-3.483,0.414,True,"[4.3572920406347855, 4.331401271842537, 4.390815610385502, 4.4432489468370235, 4.496565468855385]"
"Laubach-Williams, GDP deflator",Laubach-Williams,1.652,GDP deflator,1987Q4,2026Q3,120,0.9,0.88,-3.601,0.42,True,"[4.387922113571917, 4.314845845665917, 4.289522436189101, 4.345104525755111, 4.400754551753278]"
"Laubach-Williams, Core PCE",Laubach-Williams,1.652,Core PCE,2007Q1,2026Q3,43,0.937,5.827,-4.525,0.401,True,"[6.935148178400794, 6.311631786117829, 5.934750487629563, 5.7612826051262225, 5.434747824665722]"
"Holston-Laubach-Williams, CPI",Holston-Laubach-Williams,0.868,CPI,1987Q4,2026Q3,120,0.892,0.745,-3.493,0.414,True,"[3.678830147688, 3.660529739444645, 3.7208316727498274, 3.7761754477934284, 3.8307041303596456]"
"Holston-Laubach-Williams, GDP deflator",Holston-Laubach-Williams,1.009,GDP deflator,1987Q4,2026Q3,120,0.894,0.733,-3.579,0.419,True,"[3.7052137495708406, 3.642993810221822, 3.624722216976496, 3.6824098669808767, 3.738655411326059]"
"Holston-Laubach-Williams, Core PCE",Holston-Laubach-Williams,1.009,Core PCE,2007Q1,2026Q3,43,0.919,4.927,-3.624,0.394,True,"[5.836963100520062, 5.289570520033052, 4.95639756869084, 4.7982203836832324, 4.508919359906293]"
"Lubik-Matthes, CPI",Lubik-Matthes,1.709,CPI,1987Q4,2026Q3,120,0.824,0.933,-2.091,0.361,True,"[4.465511238718536, 4.409865453312021, 4.441846281592726, 4.458947445581139, 4.48547267105068]"
"Lubik-Matthes, GDP deflator",Lubik-Matthes,1.85,GDP deflator,1987Q4,2026Q3,120,0.828,0.969,-2.171,0.37,True,"[4.505989648476301, 4.397641430146787, 4.339787217287178, 4.358225770958167, 4.38602440983654]"
"Lubik-Matthes, Core PCE",Lubik-Matthes,1.85,Core PCE,2007Q1,2026Q3,43,0.892,2.847,-2.197,0.369,True,"[5.674573242517291, 5.316186453136154, 5.096893732336633, 4.9903712696411064, 4.799637292246392]"
"Median of the r-star page, CPI",Median of the r-star page,1.229,CPI,2003Q1,2026Q3,59,0.883,2.807,-2.417,0.393,True,"[4.461184326795697, 4.317829583055397, 4.347524504208948, 4.338954828237825, 4.358806638334074]"
"Median of the r-star page, GDP deflator",Median of the r-star page,1.37,GDP deflator,2003Q1,2026Q3,59,0.886,2.383,-2.833,0.401,True,"[4.433556136151762, 4.229559930840478, 4.112593810748694, 4.121985514767917, 4.152665687145502]"
"Median of the r-star page, Core PCE",Median of the r-star page,1.37,Core PCE,2007Q1,2026Q3,43,0.886,3.184,-2.517,0.382,True,"[5.363379668652949, 4.976221313079001, 4.740273776384454, 4.627627356154084, 4.422666484865161]"
