date,median_cpi,low_cpi,high_cpi,real_policy_cpi,models_cpi,market_cpi,surveys_and_projections_cpi,trends_cpi,median_pce,low_pce,high_pce,real_policy_pce,models_pce,market_pce,surveys_and_projections_pce,trends_pce
2003-01-31,0.837,-1.115,2.353,-0.857,2.331,0.506,1.25,0.191,1.187,-0.765,2.703,,2.681,0.856,1.6,0.541
2003-02-28,0.837,-1.115,2.353,-0.795,2.331,0.412,1.5,0.191,1.187,-0.765,2.703,,2.681,0.762,1.85,0.541
2003-03-31,0.906,-1.37,2.218,-0.745,2.212,0.432,1.5,-0.016,1.256,-1.02,2.568,,2.562,0.782,1.85,0.334
2003-04-30,0.906,-1.37,2.218,-0.815,2.212,0.452,1.5,-0.016,1.256,-1.02,2.568,,2.562,0.802,1.85,0.334
2003-05-31,0.88,-1.37,2.218,-0.813,2.212,0.298,1.5,-0.016,1.23,-1.02,2.568,,2.562,0.648,1.85,0.334
2003-06-30,0.938,-1.575,2.215,-0.643,2.186,0.333,1.5,-0.137,1.288,-1.225,2.565,,2.536,0.684,1.85,0.213
2003-07-31,0.962,-1.575,2.215,-1.053,2.186,0.53,1.5,-0.137,1.312,-1.225,2.565,,2.536,0.881,1.85,0.213
2003-08-31,0.962,-1.575,2.215,-0.815,2.186,0.604,1.5,-0.137,1.312,-1.225,2.565,,2.536,0.954,1.85,0.213
2003-09-30,1.07,-1.662,2.398,-0.655,2.394,0.423,1.5,-0.118,1.42,-1.312,2.748,,2.744,0.772,1.85,0.232
2003-10-31,1.07,-1.662,2.398,-0.795,2.394,0.546,1.5,-0.118,1.42,-1.312,2.748,,2.744,0.897,1.85,0.232
2003-11-30,1.07,-1.662,2.398,-1.115,2.394,0.594,1.5,-0.118,1.42,-1.312,2.748,,2.744,0.944,1.85,0.232
2003-12-31,1.1,-1.698,2.407,-1.185,2.389,0.548,1.5,-0.072,1.45,-1.348,2.757,,2.739,0.898,1.85,0.278
2004-01-31,1.1,-1.698,2.407,-1.095,2.389,0.544,1.5,-0.072,1.45,-1.348,2.757,,2.739,0.894,1.85,0.278
2004-02-29,1.0,-1.698,2.407,-0.587,2.389,0.503,1.0,-0.072,1.35,-1.348,2.757,,2.739,0.853,1.35,0.278
2004-03-31,0.988,-1.702,2.324,-0.577,2.307,0.432,1.0,-0.039,1.338,-1.352,2.674,,2.657,0.782,1.35,0.311
2004-04-30,0.988,-1.702,2.324,-0.597,2.307,0.692,1.0,-0.039,1.338,-1.352,2.674,,2.657,1.042,1.35,0.311
2004-05-31,0.988,-1.702,2.324,-1.112,2.307,0.75,1.0,-0.039,1.338,-1.352,2.674,,2.657,1.1,1.35,0.311
2004-06-30,0.961,-1.562,2.292,-0.752,2.29,0.772,1.0,0.035,1.311,-1.212,2.642,,2.64,1.122,1.35,0.385
2004-07-31,0.961,-1.562,2.292,-0.842,2.29,0.757,1.0,0.035,1.311,-1.212,2.642,,2.64,1.107,1.35,0.385
2004-08-31,0.961,-1.562,2.292,-0.75,2.29,0.649,1.0,0.035,1.311,-1.212,2.642,,2.64,0.998,1.35,0.385
2004-09-30,1.0,-1.437,2.204,-0.36,2.17,0.691,1.0,0.063,1.35,-1.087,2.554,,2.52,1.041,1.35,0.413
2004-10-31,1.0,-1.437,2.204,-0.51,2.17,0.674,1.0,0.063,1.35,-1.087,2.554,,2.52,1.024,1.35,0.413
2004-11-30,1.0,-1.437,2.204,-0.243,2.17,0.809,1.0,0.063,1.35,-1.087,2.554,,2.52,1.159,1.35,0.413
2004-12-31,1.0,-1.242,2.268,-0.293,2.224,0.81,1.0,0.242,1.35,-0.892,2.618,,2.574,1.16,1.35,0.592
2005-01-31,0.989,-1.242,2.268,0.237,2.224,0.876,1.0,0.242,1.339,-0.892,2.618,,2.574,1.226,1.35,0.592
2005-02-28,1.05,-1.242,2.268,0.27,2.224,0.982,1.25,0.242,1.4,-0.892,2.618,,2.574,1.332,1.6,0.592
2005-03-31,1.081,-0.93,2.38,0.71,2.338,1.035,1.25,0.495,1.431,-0.58,2.73,,2.688,1.385,1.6,0.845
2005-04-30,0.977,-0.93,2.38,0.72,2.338,0.974,1.25,0.495,1.327,-0.58,2.73,,2.688,1.324,1.6,0.845
2005-05-31,1.011,-0.93,2.38,0.715,2.338,0.95,1.25,0.495,1.361,-0.58,2.73,,2.688,1.3,1.6,0.845
2005-06-30,1.074,-0.605,2.209,0.975,2.175,0.964,1.25,0.6,1.424,-0.255,2.559,,2.525,1.314,1.6,0.95
2005-07-31,1.219,-0.605,2.209,0.935,2.175,1.092,1.25,0.6,1.569,-0.255,2.559,,2.525,1.442,1.6,0.95
2005-08-31,1.177,-0.605,2.209,1.193,2.175,1.026,1.25,0.6,1.527,-0.255,2.559,,2.525,1.376,1.6,0.95
2005-09-30,1.241,-0.241,2.163,1.493,2.104,1.122,1.25,0.72,1.591,0.109,2.513,,2.454,1.472,1.6,1.07
2005-10-31,1.25,-0.241,2.163,1.583,2.104,1.195,1.25,0.72,1.6,0.109,2.513,,2.454,1.545,1.6,1.07
2005-11-30,1.25,-0.241,2.163,1.637,2.104,1.184,1.25,0.72,1.6,0.109,2.513,,2.454,1.534,1.6,1.07
2005-12-31,1.25,-0.241,2.163,1.697,2.104,1.196,1.25,0.72,1.6,0.109,2.513,,2.454,1.546,1.6,1.07
2006-01-31,1.25,0.182,2.215,2.077,2.146,1.244,1.25,0.965,1.6,0.532,2.565,,2.496,1.594,1.6,1.315
2006-02-28,1.556,0.182,2.215,2.09,2.146,1.302,1.75,0.965,1.906,0.532,2.565,,2.496,1.652,2.1,1.315
2006-03-31,1.473,0.627,2.358,2.571,2.301,1.329,1.75,1.16,1.823,0.977,2.708,,2.651,1.679,2.1,1.51
2006-04-30,1.391,0.627,2.358,2.431,2.301,1.332,1.75,1.16,1.741,0.977,2.708,,2.651,1.682,2.1,1.51
2006-05-31,1.45,0.627,2.358,2.663,2.301,1.374,1.75,1.16,1.8,0.977,2.708,,2.651,1.724,2.1,1.51
2006-06-30,1.52,1.094,2.338,2.663,2.334,1.402,1.75,1.415,1.87,1.444,2.688,,2.684,1.752,2.1,1.765
2006-07-31,1.47,1.094,2.338,2.923,2.334,1.35,1.75,1.415,1.82,1.444,2.688,,2.684,1.7,2.1,1.765
2006-08-31,1.457,1.094,2.338,2.682,2.334,1.297,1.75,1.415,1.807,1.444,2.688,,2.684,1.647,2.1,1.765
2006-09-30,1.457,1.094,2.338,2.712,2.334,1.269,1.75,1.415,1.807,1.444,2.688,,2.684,1.62,2.1,1.765
2006-10-31,1.491,1.094,2.166,2.682,2.152,1.268,1.75,1.484,1.841,1.444,2.516,,2.502,1.618,2.1,1.834
2006-11-30,1.491,1.036,2.166,2.692,2.152,1.235,1.75,1.484,1.841,1.386,2.516,,2.502,1.584,2.1,1.834
2006-12-31,1.491,1.13,2.166,2.552,2.152,1.301,1.75,1.484,1.841,1.48,2.516,,2.502,1.651,2.1,1.834
2007-01-31,1.646,1.163,2.199,2.712,2.155,1.342,1.75,1.5,1.996,1.513,2.549,,2.505,1.692,2.1,1.85
2007-02-28,1.646,1.088,2.199,2.954,2.155,1.246,2.15,1.5,1.996,1.438,2.549,3.313,2.505,1.596,2.5,1.85
2007-03-31,1.646,1.144,2.199,2.844,2.155,1.237,2.15,1.5,1.996,1.494,2.549,3.203,2.505,1.587,2.5,1.85
2007-04-30,1.776,1.124,2.218,2.834,2.215,1.233,2.15,1.62,2.126,1.474,2.568,3.193,2.565,1.583,2.5,1.97
2007-05-31,1.751,1.2,2.193,2.846,2.19,1.338,2.15,1.62,2.126,1.575,2.568,3.182,2.565,1.713,2.525,1.995
2007-06-30,1.751,1.258,2.193,2.876,2.19,1.342,2.15,1.62,2.126,1.633,2.568,3.212,2.565,1.716,2.525,1.995
2007-07-31,1.71,1.198,2.292,2.846,2.083,1.241,2.15,1.556,2.085,1.573,2.667,3.182,2.458,1.616,2.525,1.931
2007-08-31,1.735,1.065,2.292,2.731,2.108,1.1,2.15,1.556,2.085,1.415,2.642,2.955,2.458,1.45,2.5,1.906
2007-09-30,1.735,0.96,2.292,2.351,2.108,1.06,2.15,1.556,2.085,1.31,2.642,2.575,2.458,1.41,2.5,1.906
2007-10-31,1.765,0.96,2.424,2.371,2.124,1.044,2.15,1.535,2.115,1.31,2.774,2.595,2.474,1.394,2.5,1.885
2007-11-30,1.778,0.554,2.424,2.217,2.137,0.78,2.15,1.535,2.115,0.892,2.761,2.598,2.474,1.118,2.487,1.873
2007-12-31,1.51,0.485,2.342,0.617,2.249,0.768,2.15,1.476,1.847,0.823,2.679,0.998,2.587,1.106,2.487,1.814
2008-01-31,1.51,0.076,2.342,0.777,2.249,0.512,2.15,1.476,1.847,0.414,2.679,1.158,2.587,0.85,2.487,1.814
2008-02-29,1.5,-0.168,2.342,0.628,2.262,0.392,1.5,1.476,1.825,0.157,2.667,0.635,2.587,0.718,1.825,1.801
2008-03-31,1.119,-0.291,1.994,0.128,1.92,0.32,1.5,1.119,1.444,0.034,2.319,0.135,2.245,0.645,1.825,1.444
2008-04-30,1.119,0.189,1.994,-0.012,1.92,0.58,1.5,1.119,1.444,0.514,2.319,-0.005,2.245,0.904,1.825,1.444
2008-05-31,1.119,0.372,2.019,-0.686,1.945,0.721,1.5,1.119,1.419,0.672,2.319,-0.427,2.245,1.021,1.8,1.419
2008-06-30,1.022,0.399,2.011,-0.196,1.835,0.71,1.5,0.834,1.322,0.699,2.311,0.063,2.135,1.01,1.8,1.134
2008-07-31,1.024,0.282,2.011,-0.576,1.835,0.653,1.5,0.834,1.324,0.582,2.311,-0.317,2.135,0.953,1.8,1.134
2008-08-31,0.984,0.201,2.011,-0.583,1.835,0.592,1.5,0.834,1.284,0.501,2.311,-0.31,2.135,0.893,1.8,1.134
2008-09-30,1.063,-0.078,1.737,-0.493,1.547,0.492,1.5,0.608,1.363,0.222,2.037,-0.22,1.847,0.792,1.8,0.908
2008-10-31,1.15,-0.828,1.737,-2.303,1.547,0.268,1.5,0.608,1.45,-0.528,2.037,-2.03,1.847,0.568,1.8,0.908
2008-11-30,0.867,-0.717,1.737,-1.238,1.547,0.075,1.5,0.608,1.167,-0.417,2.037,-1.157,1.847,0.375,1.8,0.908
2008-12-31,0.531,-0.404,1.5,-1.618,0.661,0.064,1.5,-0.064,0.831,-0.104,1.8,-1.538,0.961,0.364,1.8,0.236
2009-01-31,0.661,-0.603,1.5,-1.528,0.661,0.118,1.5,-0.064,0.961,-0.303,1.8,-1.448,0.961,0.418,1.8,0.236
2009-02-28,0.6,-0.558,0.88,-1.336,0.686,0.161,0.6,-0.064,0.875,-0.283,1.155,-1.137,0.961,0.436,0.875,0.211
2009-03-31,0.274,-0.563,0.667,-1.396,0.473,0.103,0.6,-0.562,0.549,-0.288,0.942,-1.198,0.748,0.377,0.875,-0.287
2009-04-30,0.274,-0.563,0.86,-1.356,0.473,0.174,0.6,-0.562,0.549,-0.288,1.135,-1.157,0.748,0.449,0.875,-0.287
2009-05-31,0.274,-0.631,1.02,-1.517,0.492,0.194,0.6,-0.562,0.53,-0.374,1.276,-1.225,0.748,0.451,0.856,-0.306
2009-06-30,0.6,-0.761,0.985,-1.487,0.652,0.3,0.6,-0.689,0.856,-0.505,1.241,-1.195,0.908,0.556,0.856,-0.432
2009-07-31,0.6,-0.761,0.968,-1.527,0.652,0.306,0.6,-0.689,0.856,-0.505,1.224,-1.235,0.908,0.562,0.856,-0.432
2009-08-31,0.592,-0.761,0.927,-1.652,0.64,0.262,0.6,-0.689,0.86,-0.492,1.196,-1.448,0.908,0.532,0.869,-0.42
2009-09-30,0.597,-0.912,0.864,-1.732,0.611,0.252,0.6,-0.838,0.866,-0.643,1.133,-1.528,0.88,0.52,0.869,-0.57
2009-10-31,0.597,-0.912,0.908,-1.692,0.611,0.237,0.6,-0.838,0.866,-0.643,1.177,-1.488,0.88,0.506,0.869,-0.57
2009-11-30,0.6,-0.912,0.845,-1.503,0.646,0.13,0.6,-0.838,0.834,-0.678,1.08,-1.422,0.88,0.365,0.834,-0.604
2009-12-31,0.6,-0.855,1.069,-1.583,0.906,0.314,0.6,-0.786,0.834,-0.62,1.303,-1.502,1.141,0.549,0.834,-0.552
2010-01-31,0.6,-0.855,1.059,-1.513,0.906,0.215,0.6,-0.786,0.834,-0.62,1.293,-1.432,1.141,0.45,0.834,-0.552
2010-02-28,0.61,-0.855,1.036,-1.659,0.884,0.195,0.61,-0.786,0.867,-0.598,1.293,-1.486,1.141,0.452,0.867,-0.529
2010-03-31,0.589,-1.003,1.049,-1.699,0.694,0.291,0.61,-0.926,0.846,-0.746,1.306,-1.526,0.951,0.548,0.867,-0.669
2010-04-30,0.589,-1.003,0.972,-1.589,0.694,0.275,0.61,-0.926,0.846,-0.746,1.229,-1.416,0.951,0.532,0.867,-0.669
2010-05-31,0.582,-1.003,0.841,-1.688,0.688,0.21,0.61,-0.926,0.846,-0.74,1.104,-1.529,0.951,0.474,0.873,-0.663
2010-06-30,0.517,-1.239,0.738,-1.787,0.661,0.127,0.61,-0.937,0.78,-0.976,1.001,-1.629,0.924,0.39,0.873,-0.674
2010-07-31,0.517,-1.239,0.738,-1.698,0.661,0.043,0.61,-0.937,0.78,-0.976,1.001,-1.539,0.924,0.307,0.873,-0.674
2010-08-31,0.476,-1.239,0.777,-1.511,0.7,0.034,0.61,-0.937,0.7,-1.014,1.001,-1.376,0.924,0.258,0.834,-0.713
2010-09-30,0.518,-1.447,0.688,-1.571,0.629,-0.011,0.61,-0.976,0.743,-1.223,0.912,-1.436,0.854,0.214,0.834,-0.752
2010-10-31,0.585,-1.447,0.688,-1.521,0.629,-0.084,0.61,-0.976,0.81,-1.223,0.912,-1.386,0.854,0.14,0.834,-0.752
2010-11-30,0.589,-1.447,0.679,-1.409,0.62,-0.002,0.61,-0.976,0.823,-1.213,0.912,-1.218,0.854,0.232,0.844,-0.742
2010-12-31,0.564,-1.59,0.849,-1.479,0.63,0.145,0.61,-0.939,0.798,-1.356,1.083,-1.288,0.863,0.378,0.844,-0.705
2011-01-31,0.564,-1.59,0.908,-1.439,0.63,0.088,0.61,-0.939,0.798,-1.356,1.142,-1.248,0.863,0.322,0.844,-0.705
2011-02-28,0.587,-1.59,0.88,-1.565,0.652,0.188,0.7,-0.939,0.798,-1.379,1.091,-1.384,0.863,0.398,0.911,-0.727
2011-03-31,0.421,-1.699,0.892,-1.625,0.536,0.228,0.7,-0.905,0.633,-1.488,1.104,-1.444,0.747,0.439,0.911,-0.694
2011-04-30,0.421,-1.699,0.851,-1.635,0.536,0.116,0.7,-0.905,0.633,-1.488,1.063,-1.454,0.747,0.328,0.911,-0.694
2011-05-31,0.451,-1.699,0.802,-2.03,0.565,0.03,0.7,-0.905,0.633,-1.517,0.984,-1.786,0.747,0.211,0.881,-0.724
2011-06-30,0.581,-1.847,0.821,-2.06,0.725,0.029,0.7,-0.837,0.762,-1.665,1.003,-1.816,0.906,0.211,0.881,-0.655
2011-07-31,0.581,-1.847,0.816,-2.02,0.725,-0.074,0.7,-0.837,0.762,-1.665,0.997,-1.776,0.906,0.107,0.881,-0.655
2011-08-31,0.387,-1.847,0.827,-1.933,0.736,-0.109,0.7,-0.837,0.557,-1.676,0.997,-1.64,0.906,0.061,0.87,-0.667
2011-09-30,0.224,-2.003,0.7,-1.953,0.579,-0.034,0.7,-0.883,0.395,-1.832,0.87,-1.66,0.749,0.136,0.87,-0.713
2011-10-31,0.338,-2.003,0.7,-1.923,0.579,-0.062,0.7,-0.883,0.508,-1.832,0.87,-1.63,0.749,0.108,0.87,-0.713
2011-11-30,0.274,-2.003,0.7,-1.869,0.543,-0.058,0.7,-0.883,0.481,-1.796,0.906,-1.595,0.749,0.148,0.906,-0.677
2011-12-31,0.184,-2.003,0.7,-1.929,0.543,-0.055,0.7,-0.883,0.391,-1.796,0.906,-1.655,0.749,0.152,0.906,-0.677
2012-01-31,0.169,-2.114,0.7,-1.859,0.573,-0.098,0.7,-0.886,0.375,-1.908,0.906,-1.585,0.779,0.108,0.906,-0.68
2012-02-29,0.2,-2.114,0.671,-1.975,0.585,-0.055,0.2,-0.886,0.394,-1.92,0.865,-1.783,0.779,0.138,0.394,-0.692
2012-03-31,0.2,-2.114,0.671,-1.985,0.585,-0.037,0.2,-0.886,0.394,-1.92,0.865,-1.793,0.779,0.157,0.394,-0.692
2012-04-30,0.2,-2.196,0.802,-1.915,0.7,-0.072,0.2,-0.738,0.394,-2.002,0.996,-1.723,0.894,0.121,0.394,-0.544
2012-05-31,0.019,-2.196,0.765,-2.023,0.663,-0.046,0.2,-0.738,0.25,-1.965,0.996,-1.855,0.894,0.184,0.431,-0.507
2012-06-30,0.048,-2.196,0.765,-2.093,0.663,-0.036,0.2,-0.738,0.279,-1.965,0.996,-1.925,0.894,0.194,0.431,-0.507
2012-07-31,-0.009,-2.27,0.628,-2.053,0.615,-0.072,0.2,-0.743,0.222,-2.038,0.859,-1.885,0.846,0.159,0.431,-0.512
2012-08-31,0.025,-2.27,0.628,-1.98,0.615,-0.082,0.2,-0.743,0.256,-2.038,0.859,-1.904,0.846,0.15,0.431,-0.512
2012-09-30,0.057,-2.27,0.628,-2.02,0.615,-0.088,0.2,-0.743,0.289,-2.038,0.859,-1.944,0.846,0.144,0.431,-0.512
2012-10-31,0.079,-2.325,0.544,-1.93,0.455,-0.056,0.2,-0.782,0.311,-2.094,0.775,-1.854,0.686,0.176,0.431,-0.551
2012-11-30,0.038,-2.325,0.58,-2.033,0.491,-0.076,0.2,-0.782,0.233,-2.13,0.775,-1.82,0.686,0.119,0.395,-0.587
2012-12-31,0.109,-2.365,0.601,-2.103,0.452,-0.073,0.2,-0.758,0.304,-2.17,0.796,-1.89,0.647,0.122,0.395,-0.563
2013-01-31,0.2,-2.365,0.601,-2.043,0.452,-0.066,0.2,-0.758,0.395,-2.17,0.796,-1.83,0.647,0.128,0.395,-0.563
2013-02-28,0.1,-2.365,0.563,-1.96,0.414,-0.088,0.1,-0.758,0.332,-2.132,0.796,-1.777,0.647,0.144,0.332,-0.525
2013-03-31,0.1,-2.365,0.563,-2.01,0.414,-0.081,0.1,-0.758,0.332,-2.132,0.796,-1.827,0.647,0.152,0.332,-0.525
2013-04-30,0.084,-2.391,0.639,-1.96,0.524,-0.086,0.1,-0.733,0.317,-2.159,0.871,-1.777,0.756,0.146,0.332,-0.5
2013-05-31,0.1,-2.391,0.634,-1.951,0.519,-0.03,0.1,-0.733,0.337,-2.154,0.871,-1.804,0.756,0.207,0.337,-0.495
2013-06-30,0.1,-2.391,0.634,-1.971,0.519,0.06,0.1,-0.733,0.337,-2.154,0.871,-1.824,0.756,0.298,0.337,-0.495
2013-07-31,0.1,-2.393,0.672,-1.951,0.388,0.018,0.1,-0.733,0.337,-2.155,0.91,-1.804,0.625,0.254,0.337,-0.495
2013-08-31,0.1,-2.393,0.658,-1.793,0.374,0.1,0.1,-0.733,0.351,-2.142,0.91,-1.723,0.625,0.352,0.351,-0.481
2013-09-30,0.1,-2.361,0.676,-1.803,0.498,0.022,0.1,-0.639,0.351,-2.11,0.928,-1.733,0.749,0.272,0.351,-0.387
2013-10-31,0.1,-2.361,0.676,-1.793,0.498,-0.002,0.1,-0.639,0.351,-2.11,0.928,-1.723,0.749,0.25,0.351,-0.387
2013-11-30,0.1,-2.361,0.651,-1.914,0.473,-0.024,0.1,-0.639,0.376,-2.085,0.928,-1.785,0.749,0.253,0.376,-0.362
2013-12-31,0.1,-2.318,0.708,-1.914,0.56,0.093,0.1,-0.542,0.376,-2.042,0.984,-1.785,0.836,0.369,0.376,-0.266
2014-01-31,0.1,-2.318,0.647,-1.914,0.56,0.072,0.1,-0.542,0.376,-2.042,0.923,-1.785,0.836,0.348,0.376,-0.266
2014-02-28,0.2,-2.318,0.647,-1.828,0.56,0.086,0.2,-0.542,0.476,-2.042,0.923,-1.617,0.836,0.362,0.476,-0.266
2014-03-31,0.2,-2.275,0.523,-1.828,0.29,0.19,0.2,-0.558,0.476,-1.999,0.799,-1.617,0.566,0.466,0.476,-0.282
2014-04-30,0.2,-2.275,0.507,-1.798,0.29,0.182,0.2,-0.558,0.476,-1.999,0.784,-1.587,0.566,0.458,0.476,-0.282
2014-05-31,0.2,-2.275,0.52,-1.878,0.303,0.155,0.2,-0.558,0.464,-2.011,0.784,-1.667,0.566,0.419,0.464,-0.295
2014-06-30,0.2,-2.232,0.751,-1.868,0.577,0.184,0.2,-0.458,0.464,-1.968,1.015,-1.657,0.841,0.448,0.464,-0.194
2014-07-31,0.2,-2.232,0.751,-1.878,0.577,0.262,0.2,-0.458,0.464,-1.968,1.015,-1.667,0.841,0.526,0.464,-0.194
2014-08-31,0.2,-2.232,0.753,-2.029,0.578,0.248,0.2,-0.458,0.463,-1.969,1.015,-1.912,0.841,0.511,0.463,-0.195
2014-09-30,0.2,-2.207,0.708,-2.029,0.686,0.288,0.2,-0.349,0.463,-1.945,0.97,-1.912,0.948,0.55,0.463,-0.087
2014-10-31,0.2,-2.207,0.708,-2.029,0.686,0.242,0.2,-0.349,0.463,-1.945,0.97,-1.912,0.948,0.505,0.463,-0.087
2014-11-30,0.21,-2.207,0.733,-1.836,0.711,0.226,0.2,-0.349,0.447,-1.97,0.97,-1.717,0.948,0.464,0.438,-0.112
2014-12-31,0.2,-2.169,0.635,-1.856,0.604,0.302,0.2,-0.304,0.438,-1.931,0.872,-1.737,0.842,0.54,0.438,-0.066
2015-01-31,0.2,-2.169,0.635,-1.856,0.604,0.18,0.2,-0.304,0.438,-1.931,0.872,-1.737,0.842,0.417,0.438,-0.066
2015-02-28,0.39,-2.169,0.685,-1.834,0.654,0.264,0.569,-0.304,0.577,-1.981,0.872,-1.655,0.842,0.451,0.756,-0.116
2015-03-31,0.311,-2.096,0.728,-1.834,0.691,0.216,0.569,-0.284,0.498,-1.908,0.915,-1.655,0.879,0.403,0.756,-0.096
2015-04-30,0.241,-2.096,0.728,-1.814,0.691,0.21,0.569,-0.284,0.429,-1.908,0.915,-1.635,0.879,0.398,0.756,-0.096
2015-05-31,0.215,-2.096,0.75,-1.893,0.714,0.215,0.569,-0.284,0.38,-1.931,0.915,-1.668,0.879,0.38,0.734,-0.119
2015-06-30,0.315,-2.029,0.913,-1.893,0.781,0.238,0.569,-0.161,0.48,-1.864,1.078,-1.668,0.946,0.403,0.734,0.004
2015-07-31,0.244,-2.029,0.913,-1.893,0.781,0.236,0.569,-0.161,0.409,-1.864,1.078,-1.668,0.946,0.401,0.734,0.004
2015-08-31,0.245,-2.029,0.926,-1.962,0.794,0.244,0.569,-0.161,0.398,-1.876,1.078,-1.649,0.946,0.396,0.721,-0.009
2015-09-30,0.186,-1.963,0.892,-1.972,0.821,0.182,0.569,-0.163,0.339,-1.81,1.044,-1.659,0.974,0.336,0.721,-0.01
2015-10-31,0.267,-1.963,0.892,-1.972,0.821,0.242,0.569,-0.163,0.419,-1.81,1.044,-1.659,0.974,0.394,0.721,-0.01
2015-11-30,0.347,-1.963,0.879,-1.964,0.809,0.292,0.569,-0.163,0.512,-1.798,1.044,-1.707,0.974,0.457,0.734,0.002
2015-12-31,0.403,-1.886,0.812,-1.844,0.727,0.328,0.569,-0.184,0.568,-1.721,0.977,-1.587,0.892,0.493,0.734,-0.019
2016-01-31,0.269,-1.886,0.812,-1.754,0.727,0.2,0.569,-0.184,0.434,-1.721,0.977,-1.497,0.892,0.364,0.734,-0.019
2016-02-29,0.329,-1.886,0.8,-1.695,0.715,0.193,0.38,-0.184,0.506,-1.709,0.977,-1.452,0.892,0.37,0.557,-0.007
2016-03-31,0.286,-1.789,0.975,-1.735,0.887,0.175,0.38,-0.128,0.463,-1.613,1.152,-1.492,1.064,0.352,0.557,0.048
2016-04-30,0.327,-1.789,0.975,-1.685,0.887,0.2,0.38,-0.128,0.504,-1.613,1.152,-1.442,1.064,0.377,0.557,0.048
2016-05-31,0.38,-1.789,0.965,-1.767,0.877,0.246,0.38,-0.128,0.567,-1.603,1.152,-1.557,1.064,0.434,0.567,0.058
2016-06-30,0.367,-1.709,1.065,-1.757,0.777,0.148,0.38,-0.086,0.554,-1.522,1.252,-1.547,0.963,0.335,0.567,0.1
2016-07-31,0.38,-1.709,1.065,-1.757,0.777,0.166,0.38,-0.086,0.567,-1.522,1.252,-1.547,0.963,0.353,0.567,0.1
2016-08-31,0.38,-1.709,1.065,-1.928,0.777,0.23,0.38,-0.086,0.567,-1.522,1.252,-1.633,0.963,0.416,0.567,0.1
2016-09-30,0.38,-1.665,1.092,-1.938,0.92,0.202,0.38,-0.101,0.567,-1.479,1.279,-1.643,1.107,0.39,0.567,0.086
2016-10-31,0.38,-1.665,1.092,-1.918,0.92,0.23,0.38,-0.101,0.567,-1.479,1.279,-1.623,1.107,0.417,0.567,0.086
2016-11-30,0.38,-1.665,1.101,-1.893,0.929,0.364,0.38,-0.101,0.558,-1.487,1.279,-1.583,1.107,0.542,0.558,0.078
2016-12-31,0.38,-1.665,1.101,-1.653,0.929,0.384,0.38,-0.101,0.558,-1.487,1.279,-1.343,1.107,0.562,0.558,0.078
2017-01-31,0.38,-1.603,1.055,-1.643,0.825,0.376,0.38,-0.094,0.558,-1.425,1.233,-1.333,1.003,0.555,0.558,0.085
2017-02-28,0.338,-1.603,1.041,-1.79,0.812,0.393,0.2,-0.094,0.529,-1.411,1.233,-1.48,1.003,0.584,0.392,0.098
2017-03-31,0.402,-1.536,1.078,-1.54,0.908,0.408,0.2,-0.022,0.593,-1.344,1.269,-1.23,1.1,0.599,0.392,0.17
2017-04-30,0.402,-1.536,1.078,-1.53,0.908,0.377,0.2,-0.022,0.593,-1.344,1.269,-1.22,1.1,0.568,0.392,0.17
2017-05-31,0.402,-1.536,1.075,-1.445,0.905,0.374,0.2,-0.022,0.597,-1.341,1.269,-1.179,1.1,0.569,0.395,0.173
2017-06-30,0.378,-1.439,1.031,-1.215,0.991,0.407,0.2,-0.014,0.573,-1.244,1.226,-0.949,1.186,0.601,0.395,0.181
2017-07-31,0.378,-1.439,1.031,-1.205,0.991,0.385,0.2,-0.014,0.573,-1.244,1.226,-0.939,1.186,0.58,0.395,0.181
2017-08-31,0.378,-1.439,1.006,-1.135,0.966,0.366,0.2,-0.014,0.598,-1.219,1.226,-0.858,1.186,0.586,0.42,0.206
2017-09-30,0.378,-1.439,1.006,-1.145,0.966,0.426,0.2,-0.014,0.598,-1.219,1.226,-0.868,1.186,0.644,0.42,0.206
2017-10-31,0.404,-1.317,1.138,-1.135,1.004,0.46,0.2,0.023,0.624,-1.097,1.358,-0.858,1.223,0.679,0.42,0.243
2017-11-30,0.404,-1.317,1.142,-1.021,1.008,0.514,0.2,0.023,0.62,-1.101,1.358,-0.76,1.223,0.73,0.416,0.239
2017-12-31,0.404,-1.317,1.142,-0.761,1.008,0.546,0.2,0.023,0.62,-1.101,1.358,-0.5,1.223,0.76,0.416,0.239
2018-01-31,0.536,-1.132,1.203,-0.751,1.186,0.644,0.2,0.166,0.751,-0.916,1.419,-0.49,1.402,0.859,0.416,0.382
2018-02-28,0.536,-1.132,1.191,-0.862,1.173,0.672,0.5,0.166,0.764,-0.904,1.419,-0.579,1.402,0.9,0.728,0.394
2018-03-31,0.536,-1.132,1.191,-0.542,1.173,0.668,0.5,0.166,0.764,-0.904,1.419,-0.259,1.402,0.897,0.728,0.394
2018-04-30,0.721,-0.894,1.334,-0.522,1.293,0.739,0.5,0.371,0.949,-0.666,1.562,-0.239,1.521,0.967,0.728,0.599
2018-05-31,0.721,-0.894,1.312,-0.56,1.271,0.711,0.5,0.371,0.971,-0.644,1.562,-0.332,1.521,0.961,0.75,0.621
2018-06-30,0.721,-0.894,1.312,-0.35,1.271,0.716,0.5,0.371,0.971,-0.644,1.562,-0.122,1.521,0.966,0.75,0.621
2018-07-31,0.825,-0.644,1.326,-0.35,1.301,0.753,0.5,0.481,1.075,-0.394,1.576,-0.122,1.551,1.003,0.75,0.731
2018-08-31,0.825,-0.644,1.338,-0.349,1.314,0.732,0.5,0.481,1.062,-0.407,1.576,-0.157,1.551,0.97,0.738,0.719
2018-09-30,0.825,-0.644,1.338,-0.079,1.314,0.784,0.5,0.481,1.062,-0.407,1.576,0.113,1.551,1.02,0.738,0.719
2018-10-31,0.845,-0.392,1.246,-0.059,1.197,0.786,0.5,0.513,1.082,-0.155,1.483,0.133,1.434,1.023,0.738,0.75
2018-11-30,0.845,-0.392,1.245,-0.166,1.195,0.765,0.5,0.513,1.083,-0.154,1.483,0.058,1.434,1.004,0.739,0.751
2018-12-31,0.822,-0.147,1.23,0.034,1.216,0.67,0.5,0.604,1.061,0.092,1.469,0.258,1.455,0.909,0.739,0.843
2019-01-31,0.822,-0.147,1.23,0.034,1.216,0.653,0.5,0.604,1.061,0.092,1.469,0.258,1.455,0.892,0.739,0.843
2019-02-28,0.835,-0.147,1.242,0.135,1.229,0.681,0.547,0.604,1.061,0.08,1.469,0.267,1.455,0.908,0.773,0.83
2019-03-31,0.835,-0.147,1.242,0.165,1.229,0.6,0.547,0.604,1.061,0.08,1.469,0.297,1.455,0.828,0.773,0.83
2019-04-30,0.852,0.035,1.355,0.185,1.27,0.598,0.547,0.609,1.078,0.261,1.581,0.317,1.497,0.824,0.773,0.835
2019-05-31,0.877,0.035,1.38,0.314,1.295,0.515,0.547,0.609,1.078,0.236,1.581,0.445,1.497,0.716,0.748,0.81
2019-06-30,0.807,0.035,1.38,0.314,1.295,0.452,0.547,0.609,1.008,0.236,1.581,0.445,1.497,0.654,0.748,0.81
2019-07-31,0.898,0.087,1.467,0.314,1.422,0.492,0.547,0.625,1.099,0.288,1.668,0.445,1.623,0.694,0.748,0.826
2019-08-31,0.883,-0.115,1.467,0.093,1.422,0.384,0.547,0.625,1.084,0.087,1.668,0.245,1.623,0.586,0.748,0.826
2019-09-30,0.889,-0.053,1.531,-0.137,1.399,0.42,0.547,0.601,1.091,0.148,1.732,0.015,1.6,0.622,0.748,0.802
2019-10-31,0.834,-0.05,1.531,-0.457,1.399,0.392,0.547,0.601,1.035,0.152,1.732,-0.305,1.6,0.593,0.748,0.802
2019-11-30,0.867,-0.013,1.532,-0.578,1.4,0.427,0.547,0.601,1.067,0.187,1.732,-0.392,1.6,0.627,0.747,0.801
2019-12-31,0.784,0.057,1.539,-0.588,1.073,0.421,0.547,0.543,0.984,0.257,1.739,-0.402,1.273,0.62,0.747,0.743
2020-01-31,0.774,-0.111,1.539,-0.548,1.073,0.332,0.547,0.543,0.974,0.089,1.739,-0.362,1.273,0.532,0.747,0.743
2020-02-29,0.674,-0.244,1.539,-0.578,1.073,0.215,-0.178,0.543,0.874,-0.044,1.739,-0.346,1.273,0.415,0.022,0.743
2020-03-31,0.455,-0.392,1.52,-2.078,1.098,0.028,-0.178,0.455,0.655,-0.192,1.72,-1.846,1.298,0.228,0.022,0.655
2020-04-30,0.471,-0.426,1.52,-2.108,1.098,0.022,-0.178,0.455,0.671,-0.226,1.72,-1.876,1.298,0.223,0.022,0.655
2020-05-31,0.455,-0.418,1.502,-1.809,1.08,-0.003,-0.178,0.455,0.673,-0.2,1.72,-1.483,1.298,0.215,0.039,0.673
2020-06-30,-0.314,-0.454,1.468,-1.779,1.048,-0.012,-0.178,-0.425,-0.097,-0.236,1.685,-1.453,1.265,0.206,0.039,-0.207
2020-07-31,-0.314,-0.479,1.468,-1.759,1.048,-0.021,-0.178,-0.425,-0.097,-0.262,1.685,-1.433,1.265,0.196,0.039,-0.207
2020-08-31,-0.314,-0.454,1.473,-1.68,1.053,-0.032,-0.178,-0.425,-0.102,-0.241,1.685,-1.401,1.265,0.18,0.034,-0.212
2020-09-30,0.973,-0.561,1.757,-1.68,1.534,-0.027,-0.178,0.973,1.186,-0.348,1.969,-1.401,1.746,0.185,0.034,1.186
2020-10-31,0.973,-0.561,1.757,-1.68,1.534,-0.022,-0.178,0.973,1.186,-0.348,1.969,-1.401,1.746,0.191,0.034,1.186
2020-11-30,0.973,-0.561,1.752,-1.977,1.529,-0.022,-0.178,0.973,1.191,-0.343,1.969,-1.788,1.746,0.196,0.039,1.191
2020-12-31,1.093,-0.808,1.513,-1.977,1.263,-0.043,-0.178,1.093,1.311,-0.591,1.73,-1.788,1.48,0.175,0.039,1.311
2021-01-31,1.093,-0.808,1.513,-1.997,1.263,-0.049,-0.178,1.093,1.311,-0.591,1.73,-1.808,1.48,0.168,0.039,1.311
2021-02-28,1.093,-0.808,1.519,-2.085,1.269,0.002,-0.45,1.093,1.304,-0.597,1.73,-1.852,1.48,0.213,-0.239,1.304
2021-03-31,0.74,-1.073,1.658,-2.095,1.238,0.008,-0.081,1.191,0.951,-0.862,1.869,-1.862,1.449,0.218,0.13,1.402
2021-04-30,0.74,-1.073,1.658,-2.105,1.238,0.002,-0.081,1.191,0.951,-0.862,1.869,-1.872,1.449,0.213,0.13,1.402
2021-05-31,0.749,-1.073,1.675,-2.32,1.256,-0.02,-0.072,1.191,0.942,-0.879,1.869,-2.144,1.449,0.174,0.122,1.385
2021-06-30,0.778,-1.34,1.801,-2.29,1.408,0.06,-0.072,1.25,0.972,-1.147,1.995,-2.114,1.601,0.254,0.122,1.443
2021-07-31,0.778,-1.34,1.801,-2.3,1.408,0.029,-0.072,1.25,0.972,-1.147,1.995,-2.124,1.601,0.223,0.122,1.443
2021-08-31,0.771,-1.34,1.787,-2.325,1.393,0.056,-0.079,1.25,0.979,-1.133,1.995,-2.255,1.601,0.264,0.129,1.457
2021-09-30,0.613,-1.594,1.774,-2.325,1.265,0.106,-0.079,1.094,0.821,-1.386,1.982,-2.255,1.473,0.314,0.129,1.302
2021-10-31,0.686,-1.594,1.774,-2.315,1.265,0.194,-0.079,1.094,0.894,-1.386,1.982,-2.245,1.473,0.402,0.129,1.302
2021-11-30,0.737,-1.594,1.767,-2.545,1.258,0.217,-0.083,1.094,0.953,-1.378,1.982,-2.403,1.473,0.432,0.132,1.309
2021-12-31,0.852,-1.813,2.043,-2.545,1.516,0.24,-0.083,1.124,1.067,-1.598,2.258,-2.403,1.731,0.456,0.132,1.34
2022-01-31,0.928,-1.813,2.043,-2.535,1.516,0.364,-0.083,1.124,1.143,-1.598,2.258,-2.393,1.731,0.578,0.132,1.34
2022-02-28,0.976,-1.813,2.012,-2.872,1.485,0.417,0.003,1.124,1.222,-1.567,2.258,-2.535,1.731,0.663,0.249,1.371
2022-03-31,0.904,-1.899,1.732,-2.622,1.206,0.664,0.003,0.989,1.151,-1.653,1.979,-2.285,1.452,0.91,0.249,1.235
2022-04-30,0.904,-1.899,1.732,-2.622,1.206,0.773,0.003,0.989,1.151,-1.653,1.979,-2.285,1.452,1.02,0.249,1.235
2022-05-31,0.879,-1.899,1.682,-2.773,1.156,0.748,-0.022,0.989,1.176,-1.603,1.979,-2.275,1.452,1.044,0.274,1.285
2022-06-30,0.841,-1.821,1.348,-2.023,0.977,0.796,-0.022,0.75,1.137,-1.525,1.644,-1.525,1.274,1.092,0.274,1.046
2022-07-31,0.841,-1.821,1.348,-1.283,0.977,0.784,-0.022,0.75,1.137,-1.525,1.644,-0.785,1.274,1.08,0.274,1.046
2022-08-31,0.827,-1.821,1.471,-1.244,0.949,0.979,-0.037,0.75,1.152,-1.496,1.796,-0.642,1.274,1.304,0.288,1.075
2022-09-30,0.925,-1.562,1.674,-0.494,1.463,1.204,-0.037,0.857,1.25,-1.238,1.998,0.108,1.788,1.529,0.288,1.182
2022-10-31,0.936,-1.562,1.583,-0.494,1.463,1.23,-0.037,0.857,1.26,-1.238,1.907,0.108,1.788,1.554,0.288,1.182
2022-11-30,0.91,-1.562,1.657,0.328,1.432,1.164,-0.052,0.857,1.266,-1.207,2.013,0.752,1.788,1.519,0.304,1.213
2022-12-31,0.91,-1.562,1.637,0.828,1.432,1.199,-0.052,0.857,1.266,-1.207,1.992,1.252,1.788,1.554,0.304,1.213
2023-01-31,0.983,-1.071,1.701,0.828,1.366,1.094,-0.052,1.068,1.339,-0.715,2.057,1.252,1.721,1.45,0.304,1.424
2023-02-28,0.993,-1.071,1.72,1.612,1.385,1.219,0.222,1.068,1.329,-0.735,2.057,1.936,1.721,1.555,0.558,1.404
2023-03-31,1.038,-0.538,1.767,1.872,1.372,1.084,0.222,1.202,1.374,-0.201,2.103,2.196,1.709,1.42,0.558,1.538
2023-04-30,1.038,-0.538,1.767,1.872,1.372,1.058,0.222,1.202,1.374,-0.201,2.103,2.196,1.709,1.394,0.558,1.538
2023-05-31,1.068,-0.538,1.828,2.264,1.434,1.128,0.252,1.202,1.343,-0.263,2.103,2.333,1.709,1.404,0.528,1.477
2023-06-30,1.023,0.041,1.884,2.264,1.342,1.242,0.252,1.23,1.298,0.316,2.159,2.333,1.617,1.518,0.528,1.505
2023-07-31,1.023,0.041,1.884,2.514,1.342,1.254,0.252,1.23,1.298,0.316,2.159,2.583,1.617,1.529,0.528,1.505
2023-08-31,1.045,0.041,1.921,2.66,1.379,1.27,0.271,1.23,1.283,0.278,2.159,2.795,1.617,1.508,0.509,1.467
2023-09-30,1.161,0.041,1.921,2.66,1.379,1.306,0.271,1.23,1.399,0.278,2.159,2.795,1.617,1.543,0.509,1.467
2023-10-31,1.174,0.262,1.826,2.66,1.246,1.354,0.271,1.12,1.412,0.5,2.064,2.795,1.484,1.591,0.509,1.358
2023-11-30,1.073,0.28,1.875,2.755,1.295,1.228,0.296,1.12,1.262,0.469,2.064,2.94,1.484,1.418,0.484,1.309
2023-12-31,0.982,0.28,1.875,2.755,1.295,1.124,0.296,1.12,1.171,0.469,2.064,2.94,1.484,1.313,0.484,1.309
2024-01-31,1.162,0.28,1.883,2.755,1.174,1.126,0.296,1.2,1.351,0.469,2.072,2.94,1.363,1.314,0.484,1.389
2024-02-29,1.16,0.306,1.878,2.949,1.169,1.233,0.42,1.2,1.354,0.5,2.072,3.234,1.363,1.427,0.614,1.394
2024-03-31,1.16,0.406,1.878,2.949,1.169,1.232,0.471,1.2,1.354,0.6,2.072,3.234,1.363,1.426,0.664,1.394
2024-04-30,1.301,0.406,1.959,2.949,1.245,1.372,0.471,1.623,1.495,0.6,2.153,3.234,1.439,1.566,0.664,1.816
2024-05-31,1.293,0.389,1.941,2.823,1.227,1.292,0.462,1.623,1.504,0.6,2.153,3.09,1.439,1.503,0.673,1.834
2024-06-30,1.293,0.535,1.941,2.823,1.227,1.252,0.562,1.623,1.504,0.746,2.153,3.09,1.439,1.462,0.773,1.834
2024-07-31,1.267,0.535,2.033,2.823,1.235,1.126,0.562,1.693,1.479,0.746,2.244,3.09,1.447,1.338,0.773,1.905
2024-08-31,1.252,0.535,2.033,2.929,1.235,1.06,0.562,1.693,1.463,0.746,2.244,3.173,1.447,1.27,0.773,1.905
2024-09-30,1.199,0.535,2.238,2.429,1.188,1.009,0.612,1.587,1.411,0.746,2.449,2.673,1.399,1.22,0.823,1.798
2024-10-31,1.202,0.535,2.238,2.429,1.188,1.155,0.612,1.587,1.413,0.746,2.449,2.673,1.399,1.366,0.823,1.798
2024-11-30,1.209,0.535,2.238,2.272,1.202,1.128,0.618,1.587,1.406,0.732,2.436,2.437,1.399,1.326,0.816,1.784
2024-12-31,1.178,0.535,2.375,2.022,1.179,1.186,0.669,1.52,1.375,0.732,2.572,2.187,1.376,1.384,0.866,1.718
2025-01-31,1.176,0.535,2.375,2.022,1.179,1.185,0.802,1.52,1.374,0.732,2.572,2.187,1.376,1.382,1.0,1.718
2025-02-28,1.176,0.685,2.375,1.634,1.191,1.102,0.87,1.52,1.361,0.87,2.56,1.965,1.376,1.288,1.055,1.705
2025-03-31,1.13,0.608,2.423,1.634,1.171,1.06,0.87,1.461,1.315,0.793,2.608,1.965,1.356,1.246,1.055,1.646
2025-04-30,0.998,0.608,2.423,1.634,1.171,0.958,0.87,1.461,1.183,0.793,2.608,1.965,1.356,1.143,1.055,1.646
2025-05-31,1.09,0.627,2.423,1.283,1.19,1.021,0.87,1.461,1.256,0.793,2.589,1.467,1.356,1.187,1.036,1.627
2025-06-30,1.024,0.74,2.347,1.283,1.282,0.976,0.87,1.336,1.19,0.906,2.513,1.467,1.448,1.142,1.036,1.502
2025-07-31,1.024,0.74,2.347,1.283,1.282,1.028,0.87,1.336,1.19,0.906,2.513,1.467,1.448,1.195,1.036,1.502
2025-08-31,1.024,0.764,2.347,1.666,1.306,0.921,0.87,1.336,1.166,0.906,2.489,1.724,1.448,1.062,1.012,1.479
2025-09-30,0.988,0.858,2.232,1.426,1.482,0.952,0.87,1.336,1.13,1.0,2.374,1.484,1.624,1.094,1.012,1.479
2025-10-31,0.988,0.858,2.232,1.196,1.482,0.947,0.87,1.336,1.13,1.0,2.374,1.254,1.624,1.089,1.012,1.479
2025-11-30,0.974,0.844,2.232,1.132,1.468,0.906,0.87,1.336,1.13,1.0,2.388,1.315,1.624,1.062,1.026,1.492
2025-12-31,0.974,0.733,2.086,0.882,1.314,0.928,0.87,1.224,1.13,0.889,2.242,1.065,1.47,1.084,1.026,1.38
2026-01-31,0.944,0.733,2.086,0.882,1.314,0.956,0.87,1.224,1.1,0.889,2.242,1.065,1.47,1.112,1.026,1.38
2026-02-28,0.952,0.7,2.086,1.082,1.337,0.879,0.916,1.224,1.085,0.834,2.219,1.11,1.47,1.012,1.05,1.358
2026-03-31,1.02,0.7,1.944,1.082,1.595,1.014,0.981,1.286,1.154,0.834,2.078,1.11,1.729,1.147,1.115,1.42
2026-04-30,1.04,0.7,1.944,1.082,1.595,1.039,0.981,1.286,1.173,0.834,2.078,1.11,1.729,1.174,1.115,1.42
2026-05-31,1.09,0.7,1.944,1.016,1.587,1.09,0.973,1.286,1.232,0.842,2.086,1.066,1.729,1.232,1.115,1.428
2026-06-30,1.124,0.7,1.872,1.026,1.51,1.124,0.973,1.223,1.266,0.842,2.014,1.076,1.652,1.265,1.115,1.365
2026-07-31,1.171,0.7,1.872,1.026,1.51,1.171,0.978,1.223,1.313,0.842,2.014,1.076,1.652,1.313,1.12,1.365
2026-08-31,1.195,0.7,1.872,1.2,1.512,1.195,0.979,1.223,1.336,0.841,2.012,1.217,1.652,1.336,1.12,1.364
2026-09-30,1.229,0.7,1.882,1.45,1.512,1.344,1.029,1.223,1.37,0.841,2.023,1.467,1.652,1.484,1.17,1.364
2026-10-31,1.229,0.7,1.964,1.45,1.512,1.334,1.029,1.223,1.37,0.841,2.105,1.467,1.652,1.475,1.17,1.364
