date,retail,wholesale,projected
2024-04-08,3.591,2.7702,0
2024-04-15,3.628,2.7796,0
2024-04-22,3.668,2.7321,0
2024-04-29,3.653,2.7462,0
2024-05-06,3.643,2.6056,0
2024-05-13,3.608,2.5254,0
2024-05-20,3.584,2.5217,0
2024-05-27,3.577,2.4831,0
2024-06-03,3.516,2.4279,0
2024-06-10,3.429,2.3788,0
2024-06-17,3.435,2.4131,0
2024-06-24,3.438,2.4985,0
2024-07-01,3.479,2.5425,0
2024-07-08,3.489,2.5746,0
2024-07-15,3.496,2.5111,0
2024-07-22,3.471,2.4832,0
2024-07-29,3.484,2.4418,0
2024-08-05,3.448,2.3837,0
2024-08-12,3.414,2.3832,0
2024-08-19,3.382,2.3256,0
2024-08-26,3.313,2.254,0
2024-09-02,3.289,2.2266,0
2024-09-09,3.236,1.9363,0
2024-09-16,3.18,1.9185,0
2024-09-23,3.185,2.0198,0
2024-09-30,3.179,1.9812,0
2024-10-07,3.136,2.0589,0
2024-10-14,3.171,2.1091,0
2024-10-21,3.144,2.0283,0
2024-10-28,3.097,2.0371,0
2024-11-04,3.069,1.9873,0
2024-11-11,3.052,2.0206,0
2024-11-18,3.046,1.9757,0
2024-11-25,3.044,2.041,0
2024-12-02,3.034,1.9599,0
2024-12-09,3.008,1.9385,0
2024-12-16,3.016,1.9817,0
2024-12-23,3.024,1.9379,0
2024-12-30,3.006,1.9596,0
2025-01-06,3.047,2.0288,0
2025-01-13,3.043,2.0481,0
2025-01-20,3.109,2.1222,0
2025-01-27,3.103,2.057,0
2025-02-03,3.082,2.056,0
2025-02-10,3.128,2.0867,0
2025-02-17,3.148,2.1055,0
2025-02-24,3.125,2.0595,0
2025-03-03,3.078,2.0142,0
2025-03-10,3.069,2.1267,0
2025-03-17,3.058,2.1436,0
2025-03-24,3.115,2.1862,0
2025-03-31,3.162,2.2411,0
2025-04-07,3.243,2.1745,0
2025-04-14,3.168,2.0025,0
2025-04-21,3.141,2.0661,0
2025-04-28,3.133,2.1028,0
2025-05-05,3.147,2.04,0
2025-05-12,3.12,2.0838,0
2025-05-19,3.173,2.1502,0
2025-05-26,3.16,2.1303,0
2025-06-02,3.127,2.0622,0
2025-06-09,3.108,2.0695,0
2025-06-16,3.139,2.169,0
2025-06-23,3.213,2.2874,0
2025-06-30,3.164,2.0873,0
2025-07-07,3.125,2.1222,0
2025-07-14,3.13,2.1755,0
2025-07-21,3.121,2.1539,0
2025-07-28,3.123,2.1119,0
2025-08-04,3.14,2.1848,0
2025-08-11,3.118,2.0844,0
2025-08-18,3.125,2.085,0
2025-08-25,3.147,2.1368,0
2025-09-01,3.177,2.1691,0
2025-09-08,3.192,1.9974,0
2025-09-15,3.168,1.9957,0
2025-09-22,3.173,2.0061,0
2025-09-29,3.118,2.0106,0
2025-10-06,3.124,1.8944,0
2025-10-13,3.061,1.87,0
2025-10-20,3.019,1.8285,0
2025-10-27,3.035,1.8921,0
2025-11-03,3.019,1.9623,0
2025-11-10,3.056,1.9418,0
2025-11-17,3.062,1.9858,0
2025-11-24,3.061,1.926,0
2025-12-01,2.985,1.88,0
2025-12-08,2.94,1.8234,0
2025-12-15,2.895,1.7631,0
2025-12-22,2.841,1.7054,0
2025-12-29,2.811,1.7299,0
2026-01-05,2.796,1.71,0
2026-01-12,2.779,1.746,0
2026-01-19,2.806,1.8022,0
2026-01-26,2.853,1.8339,0
2026-02-02,2.867,1.8903,0
2026-02-09,2.902,1.9457,0
2026-02-16,2.924,1.9352,0
2026-02-23,2.937,1.9751,0
2026-03-02,3.015,2.0887,0
2026-03-09,3.502,2.6396,0
2026-03-16,3.72,2.887,0
2026-03-23,3.961,3.122,0
2026-03-30,3.99,3.1784,0
2026-04-06,4.12,3.2576,0
2026-04-13,4.123,3.093,0
2026-04-20,4.044,3.0788,0
2026-04-27,4.123,3.3967,0
2026-05-04,4.452,3.6813,0
2026-05-11,4.5,3.5325,0
2026-05-18,4.49,3.6769,0
2026-05-25,4.475,3.4942,0
2026-06-01,4.305,3.1502,0
2026-06-08,4.146,3.0861,0
2026-06-15,4.052,3.0459,0
2026-06-22,3.914,2.9534,0
2026-06-29,3.831,2.9773,0
2026-07-06,3.777,2.9595,0
2026-07-13,3.855,3.0494,0
2026-07-20,4.001,3.3189,0
2026-07-27,4.096,3.408,0
2026-08-03,4.079,3.2411,0
2026-08-10,4.006,2.95,0
2026-08-17,4.049,3.1745,0
2026-08-24,4.085,3.2877,0
2026-08-31,4.071,3.3768,0
2026-09-07,4.157,3.1606,0
2026-09-14,4.319,3.2961,0
2026-09-21,4.478,3.491,0
2026-09-28,4.465,3.474,0
2026-10-05,4.354,3.3354,0
2026-10-12,4.3119,3.2828,1
2026-10-19,4.2947,3.2952,1
2026-10-26,4.2811,3.2952,1
2026-11-02,4.2597,3.2679,1
2026-11-09,4.2084,3.1586,1
2026-11-16,4.1741,3.1586,1
2026-11-23,4.1585,3.1586,1
2026-11-30,4.1475,3.1586,1
2026-12-07,4.1019,3.0557,1
2026-12-14,4.0711,3.0557,1
2026-12-21,4.0576,3.0557,1
2026-12-28,4.0482,3.0557,1
2027-01-04,4.037,3.0475,1
2027-01-11,4.0274,3.0352,1
2027-01-18,4.0205,3.0352,1
2027-01-25,4.0162,3.0352,1
2027-02-01,4.0153,3.0426,1
2027-02-08,4.0251,3.0721,1
2027-02-15,4.0318,3.0721,1
2027-02-22,4.0335,3.0721,1
2027-03-01,4.0538,3.1265,1
2027-03-08,4.1472,3.3443,1
2027-03-15,4.2107,3.3443,1
2027-03-22,4.2363,3.3443,1
2027-03-29,4.2532,3.3443,1
2027-04-05,4.2703,3.357,1
2027-04-12,4.2785,3.3655,1
2027-04-19,4.2837,3.3655,1
2027-04-26,4.2869,3.3655,1
2027-05-03,4.2893,3.3652,1
2027-05-10,4.2905,3.3636,1
2027-05-17,4.2912,3.3636,1
2027-05-24,4.2922,3.3636,1
2027-05-31,4.2931,3.3636,1
2027-06-07,4.2869,3.3441,1
2027-06-14,4.2825,3.3441,1
2027-06-21,4.2812,3.3441,1
2027-06-28,4.2806,3.3441,1
2027-07-05,4.2755,3.3313,1
2027-07-12,4.2693,3.3227,1
2027-07-19,4.266,3.3227,1
2027-07-26,4.2646,3.3227,1
2027-08-02,4.2608,3.315,1
2027-08-09,4.2473,3.2841,1
2027-08-16,4.2382,3.2841,1
2027-08-23,4.2345,3.2841,1
2027-08-30,4.232,3.2841,1
2027-09-06,4.1738,3.1274,1
2027-09-13,4.117,3.0883,1
2027-09-20,4.0897,3.0883,1
2027-09-27,4.0748,3.0883,1
2027-10-04,4.0545,3.0653,1
2027-10-11,4.0319,3.0308,1
2027-10-18,4.0183,3.0308,1
2027-10-25,4.0115,3.0308,1
2027-11-01,4.0037,3.0235,1
2027-11-08,3.9876,2.9944,1
2027-11-15,3.9772,2.9944,1
2027-11-22,3.972,2.9944,1
2027-11-29,3.9681,2.9944,1
2027-12-06,3.9622,2.9866,1
2027-12-13,3.9578,2.9846,1
2027-12-20,3.9551,2.9846,1
2027-12-27,3.953,2.9846,1
