month,release,kind,headline_mom,core_mom,headline_mom_nsa,core_mom_nsa,headline_index,core_index,headline_yoy,core_yoy,gasoline_price,gasoline_mom_nsa,gasoline_mom_sa,food_mom,headline_p10,headline_p90,core_p10,core_p90,gasoline_weeks_observed,gasoline_weeks,contrib_core,contrib_food,contrib_energy,contrib_gasoline
2023-08,,actual,0.4836,0.2007,0.4367,0.2266,307.026,310.103,3.6651,4.3492,3.8398,5.9446,7.676,0.2602,,,,,,,,,,
2023-09,,actual,0.3901,0.3098,0.2485,0.2302,307.789,310.817,3.6997,4.1465,3.836,0.568,2.7899,0.104,,,,,,,,,,
2023-10,,actual,0.1367,0.2956,-0.0383,0.1811,307.671,311.38,3.2411,4.0309,3.6128,-5.2801,-3.7375,0.3277,,,,,,,,,,
2023-11,,actual,0.1469,0.3002,-0.2015,0.0726,307.051,311.606,3.1373,4.0073,3.318,-7.2901,-4.2405,0.1499,,,,,,,,,,
2023-12,,actual,0.1924,0.257,-0.0993,0.0966,306.746,311.907,3.3521,3.9299,3.134,-5.8162,-1.1069,0.1546,,,,,,,,,,
2024-01,,actual,0.31,0.3589,0.5448,0.5502,308.417,313.623,3.0909,3.8617,3.0754,-1.5291,-2.0325,0.3033,,,,,,,,,,
2024-02,,actual,0.4098,0.3961,0.619,0.5727,310.326,315.419,3.1532,3.7525,3.2115,4.326,2.0289,0.0864,,,,,,,,,,
2024-03,,actual,0.4431,0.3891,0.6464,0.5291,312.332,317.088,3.4774,3.8013,3.4255,6.4492,3.2558,0.0204,,,,,,,,,,
2024-04,,actual,0.2171,0.2705,0.3893,0.2807,313.548,317.978,3.3574,3.61,3.6114,5.1942,-0.1041,0.2059,,,,,,,,,,
2024-05,,actual,0.0486,0.1404,0.1662,0.2047,314.069,318.629,3.269,3.4187,3.603,-0.4506,-2.1805,0.1522,,,,,,,,,,
2024-06,,actual,-0.0418,0.0927,0.0338,0.1174,314.175,319.003,2.9714,3.2673,3.4545,-3.8962,-3.8462,0.1979,,,,,,,,,,
2024-07,,actual,0.1677,0.1727,0.1162,0.0661,314.54,319.214,2.8948,3.1713,3.4838,0.791,-0.0401,0.2212,,,,,,,,,,
2024-08,,actual,0.1572,0.254,0.0814,0.2516,314.796,320.017,2.5307,3.197,3.3892,-2.7326,-1.2795,0.1268,,,,,,,,,,
2024-09,,actual,0.2133,0.3071,0.1604,0.3412,315.301,321.109,2.4406,3.3113,3.2138,-5.0648,-2.8271,0.3039,,,,,,,,,,
2024-10,,actual,0.2856,0.3115,0.1151,0.2021,315.664,321.758,2.5979,3.3329,3.137,-1.8673,-0.1663,0.214,,,,,,,,,,
2024-11,,actual,0.2842,0.2878,-0.0542,0.0587,315.493,321.947,2.7494,3.3186,3.0528,-2.9002,0.1247,0.3507,,,,,,,,,,
2024-12,,actual,0.3399,0.1866,0.0355,0.0186,315.605,322.007,2.8881,3.2381,3.0176,-1.0612,3.9782,0.2503,,,,,,,,,,
2025-01,,actual,0.4273,0.4266,0.6546,0.5699,317.671,323.842,3.0005,3.2584,3.0755,1.7956,1.2365,0.2921,,,,,,,,,,
2025-02,,actual,0.2251,0.2547,0.4442,0.4354,319.082,325.252,2.8215,3.1174,3.1208,1.2819,-1.1955,0.186,,,,,,,,,,
2025-03,,actual,0.0332,0.0691,0.2247,0.2094,319.799,325.933,2.3907,2.7894,3.0964,-0.8962,-3.7864,0.3767,,,,,,,,,,
2025-04,,actual,0.1617,0.2386,0.3114,0.2706,320.795,326.815,2.3113,2.7791,3.1712,2.8811,-2.3659,0.048,,,,,,,,,,
2025-05,,actual,0.0993,0.1305,0.2089,0.2124,321.465,327.509,2.3549,2.7869,3.15,-0.672,-2.131,0.2907,,,,,,,,,,
2025-06,,actual,0.2542,0.234,0.3409,0.2611,322.561,328.364,2.6692,2.9345,3.1502,0.1062,0.1042,0.2937,,,,,,,,,,
2025-07,,actual,0.2284,0.3125,0.151,0.1876,323.048,328.98,2.7049,3.0594,3.1248,-0.5033,-1.2314,0.1246,,,,,,,,,,
2025-08,,actual,0.3483,0.3097,0.2873,0.3009,323.976,329.97,2.9162,3.1101,3.1325,0.3084,1.6433,0.4204,,,,,,,,,,
2025-09,,actual,0.2951,0.2178,0.2543,0.2528,324.8,330.804,3.0127,3.0192,3.1656,1.1464,3.5937,0.2244,,,,,,,,,,
2025-10,,not published,,,,,,,,,,,,,,,,,,,,,,
2025-11,2025-12-18,actual,,,,,324.122,330.425,2.7351,2.6334,3.0495,-0.3137,2.7326,,,,,,,,,,,
2025-12,2026-01-13,actual,0.2978,0.2329,-0.021,0.0245,324.054,330.506,2.6771,2.6394,2.8944,-5.3181,-0.3377,0.656,,,,,,,,,,
2026-01,2026-02-13,actual,0.1708,0.295,0.3697,0.4369,325.252,331.95,2.3864,2.5037,2.8085,-2.5162,-3.1918,0.1854,,,,,,,,,,
2026-02,2026-03-11,actual,0.267,0.2161,0.4713,0.3892,326.785,333.242,2.4141,2.4566,2.9075,3.3313,0.8039,0.3913,,,,,,,,,,
2026-03,2026-04-10,actual,0.8651,0.1958,1.049,0.3448,330.213,334.391,3.2564,2.595,3.6376,24.8677,21.2268,-0.0055,,,,,,,,,,
2026-04,2026-05-12,actual,0.64,0.3765,0.8501,0.4223,333.02,335.803,3.8108,2.7502,4.1025,11.1039,5.4367,0.5037,,,,,,,,,,
2026-05,2026-06-10,actual,0.4729,0.2081,0.6315,0.3106,335.123,336.846,4.2487,2.8509,4.4793,8.6398,7.0447,0.1559,,,,,,,,,,
2026-06,2026-07-14,actual,-0.4225,-0.0167,-0.3494,0.0107,333.952,336.882,3.5314,2.5941,4.0496,-9.6843,-9.6868,0.2055,,,,,,,,,,
2026-07,2026-08-12,actual,0.0737,0.2154,-0.0102,0.0745,333.918,337.133,3.3648,2.4783,3.9322,-2.1399,-2.8554,0.0778,,,,,,,,,,
2026-08,2026-09-11,actual,0.396,0.2898,0.318,0.2693,334.98,338.041,3.3965,2.446,4.058,2.5344,3.8993,0.1223,,,,,,,,,,
2026-09,2026-10-14,forecast,0.5942,0.2387,0.5158,0.2352,336.7077,338.836,3.6662,2.428,4.3548,7.0507,9.353,0.172,0.4514,0.7369,0.0676,0.4097,4.0,4.0,0.1888,0.0233,0.3821,0.3526
2026-10,2026-11-10,forecast,0.203,0.2169,0.0365,0.1086,336.8307,339.2041,,,4.3125,-0.9177,0.7287,0.1811,-0.1036,0.5095,0.0163,0.4174,1.0,4.0,0.171,0.0244,0.0076,0.0299
2026-11,2026-12-10,forecast,0.2021,0.1818,-0.1476,-0.0418,336.3336,339.0624,3.7676,2.614,4.2031,-2.424,0.6162,0.1884,-0.1433,0.5476,-0.026,0.3896,0.0,5.0,0.1433,0.0254,0.0334,0.0254
2026-12,,forecast,0.2587,0.1826,-0.0463,0.0037,336.178,339.075,3.7414,2.5927,4.0829,-2.7341,2.1756,0.1851,-0.0884,0.6059,-0.0266,0.3919,0.0,4.0,0.144,0.0249,0.0898,0.09
2027-01,,forecast,0.1077,0.191,0.3281,0.3498,337.2809,340.261,3.6983,2.5037,4.0387,-1.0266,-1.6059,0.191,-0.2451,0.4606,-0.0193,0.4012,0.0,4.0,0.1504,0.0257,-0.0684,-0.0677
2027-02,,forecast,0.0866,0.1949,0.2974,0.3717,338.2841,341.5258,3.5189,2.4858,4.0405,0.0601,-2.3739,0.1977,-0.261,0.4341,-0.0129,0.4027,0.0,4.0,0.1536,0.0266,-0.0937,-0.0984
2027-03,,forecast,0.2269,0.1996,0.4198,0.3427,339.7043,342.6961,2.8743,2.4836,4.1995,3.8,0.5585,0.2119,-0.1162,0.5701,-0.0123,0.4115,0.0,5.0,0.1575,0.0286,0.0408,0.0226
2027-04,,forecast,0.0934,0.2087,0.2708,0.2381,340.6242,343.5119,2.2834,2.2957,4.3069,2.4765,-2.9277,0.2192,-0.2528,0.4397,-0.0086,0.4261,0.0,4.0,0.1647,0.0296,-0.1008,-0.1187
2027-05,,forecast,0.1669,0.2087,0.2955,0.2916,341.6306,344.5138,1.9419,2.2763,4.3271,0.467,-1.1277,0.2236,-0.1762,0.5099,-0.0188,0.4363,0.0,5.0,0.1649,0.0302,-0.0282,-0.0443
2027-06,,forecast,0.2111,0.2087,0.2896,0.2351,342.6198,345.3237,2.5955,2.5058,4.3288,0.055,0.0702,0.2291,-0.1343,0.5565,-0.0315,0.449,0.0,4.0,0.165,0.031,0.0152,0.0027
2027-07,,forecast,0.1608,0.2129,0.0898,0.0888,342.9276,345.6302,2.6982,2.5204,4.3103,-0.3961,-1.1543,0.2272,-0.1913,0.5128,-0.043,0.4689,0.0,4.0,0.1683,0.0307,-0.0382,-0.0447
2027-08,,forecast,0.2559,0.2129,0.1842,0.2024,343.5595,346.3297,2.5612,2.452,4.2946,-0.3335,1.0508,0.2281,-0.0978,0.6095,-0.0528,0.4787,0.0,5.0,0.1683,0.0309,0.0567,0.0402
2027-09,,forecast,0.1959,0.2129,0.1175,0.2095,343.9632,347.0551,2.1548,2.4257,4.1756,-2.6488,-0.3465,0.2281,-0.1594,0.5513,-0.0528,0.4787,0.0,4.0,0.1683,0.0308,-0.0032,-0.0134
2027-10,,forecast,0.1666,0.2181,0.0001,0.1099,343.9636,347.4366,2.1177,2.427,4.0745,-2.3133,-0.6669,0.2281,-0.1876,0.5207,-0.0476,0.4839,0.0,4.0,0.1724,0.0309,-0.0367,-0.0256
2027-11,,forecast,0.3005,0.2181,-0.0492,-0.0055,343.7943,347.4176,2.2182,2.4642,4.0303,-1.0279,2.0123,0.2281,-0.0519,0.6529,-0.0476,0.4839,0.0,5.0,0.1725,0.0309,0.0971,0.0765
2027-12,,forecast,0.3915,0.2181,0.0865,0.0392,344.0918,347.5538,2.354,2.5006,4.0118,-0.4248,4.4849,0.2281,0.0355,0.7476,-0.0476,0.4839,0.0,4.0,0.1724,0.0309,0.1883,0.1735
