scenario,fair_value,gap_pct,value_in_12_months,assumes
As priced,7773.95,0.0,8246.908,"Consensus earnings, rates as traded and the premium that makes the model equal the index (3.70%)."
Premium part of the way back,5520.192,-28.991,5887.655,"The excess earnings yield (earnings yield minus the 10-year real yield) goes from 0.85% today, its 4th percentile since 2003, to the 25th percentile, 2.62%."
Premium at its median since 2003,4678.213,-39.822,5004.608,"The same gauge returns to its median since 2003, 3.68%."
Rates as priced for 2027-12,7461.37,-4.021,7919.962,"The 10-year yield moves to the forward the Treasury curve prices for 2027-12 (5.31% to 5.50%), with breakeven inflation unchanged. From the curve page of this site."
"Rates on the policy-rule path, 2027-12",8006.917,2.997,8490.541,The 10-year yield follows the policy-rule path of the curve page instead (5.31% to 5.18%).
No earnings growth for a year,6165.024,-20.696,6410.443,"Earnings over the next twelve months equal the last twelve instead of growing 16.5%, then grow at the long-run rate."
Real yield falls to r-star,12541.159,61.323,13227.898,"The 10-year real yield falls from 2.95% to the median r-star of this site (1.23%, CPI terms), with earnings and the premium unchanged."
Higher trend growth,8592.604,10.531,9142.427,"Long-run real growth is +0.57 points away from the baseline, on an alternative estimate of trend growth."
Earnings recession,3483.186,-55.194,3741.444,"Earnings fall 28% (the median of the 11 falls of more than 10% in real earnings since 1950) and are back on trend in five years. The premium gauge widens to its 90th percentile since 2003 (5.40%), and the 10-year real yield falls to the median r-star of this site (1.23%, CPI terms)."
