window,series,start,n,cagr,vol,sharpe,sortino,maxdd,calmar,curdd,var95,cvar95,beta,ir,skew,kurt,best,worst,hit,tstat
1Y,MKT,2025-10-07,252,0.125,0.13127,0.96283,1.39768,-0.09357,1.33595,-0.01017,-0.01384,-0.01798,1.00401,,-0.14704,0.93421,0.02916,-0.02711,0.51587,0.96283
1Y,SMB,2025-10-07,252,-0.05642,0.08832,-0.6135,-0.89298,-0.09797,-0.57588,-0.09797,-0.0089,-0.01072,-0.09167,,0.38473,0.22353,0.01739,-0.01377,0.46032,-0.6135
1Y,HML,2025-10-07,252,0.09362,0.15918,0.64141,0.98708,-0.12404,0.75477,-0.0984,-0.01468,-0.0199,-0.7933,,0.30986,0.53597,0.03311,-0.02772,0.48413,0.64141
1Y,MOM,2025-10-07,252,0.09001,0.22048,0.50117,0.68648,-0.21356,0.42145,-0.15348,-0.02413,-0.03237,0.75224,,-0.43728,0.47403,0.03447,-0.04505,0.53175,0.50117
1Y,RMW,2025-10-07,252,-0.10365,0.09362,-1.1219,-1.52108,-0.15887,-0.65242,-0.11348,-0.00953,-0.01324,-0.26142,,0.08433,0.67859,0.01894,-0.01704,0.46825,-1.1219
1Y,CMA,2025-10-07,252,0.00026,0.0902,0.04777,0.06888,-0.08482,0.00304,-0.08093,-0.0084,-0.01177,-0.34487,,0.09511,1.08221,0.02329,-0.01912,0.47619,0.04777
1Y,QMJ,2025-10-07,252,-0.14408,0.18112,-0.7687,-1.10995,-0.26402,-0.54571,-0.17739,-0.01795,-0.02414,-0.82164,,0.33621,1.07668,0.03606,-0.03813,0.41667,-0.7687
1Y,BAB,2025-10-07,252,-0.1388,0.17132,-0.78695,-1.18009,-0.17655,-0.7862,-0.16987,-0.01493,-0.01937,-0.87585,,0.57024,0.02336,0.03405,-0.02322,0.40476,-0.78695
1Y,STREV,2025-10-07,252,-0.0786,0.16441,-0.41587,-0.56691,-0.17027,-0.46165,-0.09518,-0.01835,-0.02277,-0.19169,,-0.0992,0.32856,0.03118,-0.03032,0.52381,-0.41587
1Y,LTREV,2025-10-07,252,0.05347,0.0914,0.61544,0.91033,-0.06496,0.82304,-0.06004,-0.00824,-0.01189,-0.10557,,0.03616,0.47188,0.01491,-0.01821,0.48413,0.61544
1Y,RESMOM,2025-10-07,252,0.08184,0.18041,0.52613,0.73309,-0.19499,0.41972,-0.15336,-0.01926,-0.02561,0.47395,,-0.30892,0.51362,0.03016,-0.03848,0.53968,0.52613
1Y,IVOL,2025-10-07,252,-0.17959,0.2119,-0.82867,-1.22031,-0.22139,-0.8112,-0.21729,-0.02131,-0.02681,-1.0981,,0.57156,1.37408,0.05661,-0.03855,0.41667,-0.82867
1Y,MAX,2025-10-07,252,-0.23869,0.19433,-1.30598,-1.85186,-0.25967,-0.91919,-0.25352,-0.01885,-0.02469,-1.08779,,0.41782,0.68791,0.04417,-0.03778,0.38492,-1.30598
1Y,LIQ,2025-10-07,252,0.09023,0.08937,1.01136,1.50012,-0.1015,0.889,-0.08971,-0.00889,-0.01178,0.15461,,-0.03977,1.12101,0.01954,-0.02208,0.53571,1.01136
1Y,ACC,2025-10-07,252,0.03984,0.08008,0.5277,0.7638,-0.07062,0.56409,-0.0131,-0.00797,-0.01047,0.1107,,0.01596,0.81519,0.01971,-0.01687,0.53571,0.5277
1Y,NSI,2025-10-07,252,-0.0273,0.12649,-0.15596,-0.23173,-0.11001,-0.24819,-0.07246,-0.01154,-0.01591,-0.47379,,0.35401,1.03092,0.02889,-0.02784,0.48016,-0.15596
1Y,DBETA,2025-10-07,252,0.16542,0.25868,0.72156,0.96727,-0.20432,0.80962,-0.09846,-0.02723,-0.03722,1.49966,,-0.57935,0.522,0.04836,-0.0576,0.60317,0.72156
1Y,MISP,2025-10-07,252,0.04157,0.07289,0.59517,0.87057,-0.05468,0.76024,-0.04396,-0.00634,-0.00921,0.08388,,-0.02889,0.88323,0.01495,-0.01814,0.53968,0.59517
1Y,SPX,2025-10-07,252,0.16984,0.1301,0.98811,1.43685,-0.08885,1.91155,-0.00231,-0.01413,-0.01774,1.0,,-0.13902,0.99903,0.02907,-0.02703,0.52778,0.9881
1Y,Small,2025-10-07,252,0.22443,0.16107,1.10919,1.7027,-0.0861,2.60648,-0.07783,-0.01489,-0.0192,0.81156,0.40379,0.164,0.43565,0.0334,-0.03219,0.53571,1.10914
1Y,Mid cap,2025-10-07,252,0.0884,0.1452,0.40232,0.59643,-0.09758,0.90593,-0.08335,-0.01368,-0.01743,0.84001,-0.7169,0.20683,0.25074,0.02675,-0.02723,0.51587,0.4023
1Y,Big,2025-10-07,252,0.17066,0.13277,0.97615,1.41823,-0.08856,1.927,-0.00215,-0.014,-0.01811,1.01692,0.09238,-0.15332,0.95526,0.02963,-0.02751,0.52778,0.97613
1Y,Low B/M,2025-10-07,252,0.17296,0.16462,0.82785,1.20704,-0.11558,1.49638,-0.00221,-0.01701,-0.02189,1.23849,0.1686,-0.08915,0.8108,0.0357,-0.0362,0.52381,0.82784
1Y,Mid B/M,2025-10-07,252,0.14162,0.10799,0.93991,1.38063,-0.05644,2.50907,-0.04886,-0.01053,-0.01309,0.5134,-0.2556,-0.04319,0.08205,0.02097,-0.02194,0.55159,0.93985
1Y,High B/M,2025-10-07,252,0.14357,0.11652,0.89389,1.31632,-0.07668,1.87245,-0.07247,-0.01092,-0.015,0.4349,-0.19419,-0.062,0.18152,0.0195,-0.02357,0.53175,0.89382
1Y,Losers,2025-10-07,252,0.16717,0.14932,0.86342,1.29058,-0.09374,1.78337,-0.02211,-0.01578,-0.01831,0.55573,0.00261,0.08847,0.08585,0.02687,-0.02341,0.51984,0.86342
1Y,Mid momentum,2025-10-07,252,0.11223,0.11784,0.64929,0.92696,-0.09588,1.17046,-0.02923,-0.01239,-0.01628,0.69819,-0.61425,-0.17854,0.46171,0.02377,-0.02315,0.51984,0.64928
1Y,Winners,2025-10-07,252,0.23226,0.19298,0.98816,1.44324,-0.10586,2.19406,-0.02181,-0.01977,-0.02533,1.35096,0.67667,-0.09241,0.75514,0.04006,-0.04269,0.54762,0.98814
1Y,Liquid,2025-10-07,252,0.16389,0.13133,0.9413,1.36473,-0.09058,1.80945,-0.00205,-0.01395,-0.0179,1.0059,-0.45013,-0.15893,0.95619,0.02917,-0.02706,0.52778,0.94129
1Y,Mid liquidity,2025-10-07,252,0.19748,0.15613,0.99674,1.48876,-0.09206,2.14525,-0.06633,-0.0154,-0.01942,0.96628,0.29198,0.09594,0.45015,0.03162,-0.02782,0.55159,0.99669
1Y,Illiquid,2025-10-07,252,0.20882,0.17481,0.96168,1.4691,-0.09072,2.30184,-0.08028,-0.01648,-0.02081,1.01932,0.34722,0.20767,0.20257,0.03206,-0.03036,0.54762,0.96164
1Y,Communication Services,2025-10-07,252,0.11859,0.23082,0.44091,0.66374,-0.16625,0.71333,-0.07538,-0.02153,-0.02882,1.12927,-0.14981,0.25107,1.22364,0.04455,-0.05326,0.50794,0.44091
1Y,Consumer Discretionary,2025-10-07,252,-0.02518,0.21539,-0.18196,-0.25749,-0.15918,-0.15819,-0.0768,-0.0223,-0.02829,1.28015,-1.18673,0.05486,1.16576,0.05394,-0.05178,0.48413,-0.18196
1Y,Consumer Staples,2025-10-07,252,0.08719,0.15164,0.38424,0.56152,-0.09971,0.87447,-0.07846,-0.01523,-0.02021,-0.06834,-0.34203,0.01532,0.16134,0.02753,-0.02579,0.4881,0.38424
1Y,Energy,2025-10-07,252,0.44873,0.22,1.62865,2.3861,-0.15284,2.93594,-0.04055,-0.02202,-0.03024,-0.27209,0.84151,-0.28447,0.38405,0.04696,-0.04005,0.57143,1.62862
1Y,Financials,2025-10-07,252,0.01889,0.14805,-0.0482,-0.06538,-0.14599,0.1294,-0.07964,-0.016,-0.02185,0.62899,-1.02427,-0.34511,0.92851,0.02658,-0.03427,0.53571,-0.0482
1Y,Health Care,2025-10-07,252,0.20088,0.156,1.01535,1.65277,-0.10408,1.93011,-0.03186,-0.01324,-0.01696,0.30548,0.1697,0.55217,0.59616,0.03482,-0.02337,0.5,1.01537
1Y,Industrials,2025-10-07,252,0.10581,0.18181,0.44146,0.63344,-0.12178,0.86886,-0.09678,-0.01837,-0.02316,1.02686,-0.39144,0.01876,0.58027,0.03898,-0.03389,0.53571,0.44144
1Y,Information Technology,2025-10-07,252,0.3363,0.2449,1.15618,1.71377,-0.17855,1.8835,-0.00266,-0.02318,-0.03043,1.62535,1.04517,-0.06554,0.96418,0.05286,-0.06028,0.56746,1.15618
1Y,Materials,2025-10-07,252,0.05491,0.19047,0.18242,0.25893,-0.13099,0.41921,-0.11009,-0.01903,-0.02489,0.83226,-0.59294,-0.07409,-0.10371,0.03387,-0.03502,0.4881,0.18241
1Y,Real Estate,2025-10-07,252,0.03475,0.13717,0.04922,0.06895,-0.10825,0.32105,-0.10825,-0.01373,-0.01899,0.27801,-0.75064,-0.16404,0.64561,0.02343,-0.03148,0.52381,0.04922
1Y,Utilities,2025-10-07,252,-0.0507,0.15342,-0.50237,-0.67635,-0.15621,-0.32459,-0.11421,-0.01419,-0.02149,0.16238,-1.09964,-0.24289,1.49483,0.03021,-0.0416,0.52778,-0.50236
1Y,IWB,2025-10-07,252,0.16155,0.1306,0.93032,1.35184,-0.08862,1.82293,-0.00334,-0.01337,-0.01782,1.00118,-0.7398,-0.13021,0.91983,0.02853,-0.02688,0.52381,0.93031
1Y,IWD,2025-10-07,252,0.24244,0.11324,1.64928,2.48397,-0.06786,3.5728,-0.02848,-0.01161,-0.01372,0.70379,0.75625,-0.06298,0.34829,0.02432,-0.02091,0.56746,1.64918
1Y,IWF,2025-10-07,252,0.09227,0.17929,0.37637,0.54138,-0.16274,0.56694,-0.0041,-0.01865,-0.02258,1.28818,-0.82639,0.02603,0.35807,0.0377,-0.03264,0.51587,0.37637
1Y,IWR,2025-10-07,252,0.13029,0.13671,0.69502,1.01239,-0.08165,1.5957,-0.05112,-0.01392,-0.01723,0.88029,-0.43978,0.02484,0.39432,0.02688,-0.0257,0.53175,0.69499
1Y,IWS,2025-10-07,252,0.17529,0.13295,1.00467,1.49415,-0.07534,2.32646,-0.05645,-0.01346,-0.01652,0.78035,0.05538,0.03748,0.29565,0.02581,-0.02494,0.53968,1.00461
1Y,IWP,2025-10-07,252,-0.01,0.18221,-0.16636,-0.23529,-0.14789,-0.0676,-0.04015,-0.02026,-0.02342,1.19362,-1.61137,0.10048,0.13409,0.0364,-0.02851,0.49206,-0.16636
1Y,IWM,2025-10-07,252,0.13771,0.187,0.58644,0.85439,-0.11028,1.24871,-0.0865,-0.01844,-0.02317,1.17947,-0.17269,0.043,0.3089,0.03592,-0.03548,0.53968,0.58642
1Y,IWN,2025-10-07,252,0.18678,0.16279,0.90727,1.35325,-0.08452,2.21004,-0.07303,-0.01654,-0.02025,0.92599,0.17414,0.07842,0.28561,0.02961,-0.03011,0.53968,0.90722
1Y,IWO,2025-10-07,252,0.09007,0.22169,0.3335,0.47732,-0.14869,0.60577,-0.10037,-0.02134,-0.02685,1.4236,-0.40852,0.01531,0.20203,0.04249,-0.04343,0.52381,0.33349
1Y,MTUM,2025-10-07,252,0.27814,0.26532,0.91905,1.31177,-0.17991,1.54596,-0.06323,-0.02747,-0.03689,1.5571,0.61971,-0.18768,1.04984,0.05531,-0.05953,0.60317,0.91904
1Y,QUAL,2025-10-07,252,0.15959,0.12244,0.97014,1.42947,-0.09035,1.76646,-0.00241,-0.01218,-0.01628,0.88773,-0.22639,0.05134,1.29254,0.02906,-0.02431,0.56349,0.97013
1Y,USMV,2025-10-07,252,0.06518,0.08678,0.34702,0.49712,-0.06456,1.00962,-0.01811,-0.00865,-0.011,0.34612,-0.87214,-0.04772,-0.04736,0.01455,-0.01683,0.53571,0.34702
1Y,VLUE,2025-10-07,252,0.61181,0.2074,2.22937,3.57428,-0.09038,6.76902,-0.01597,-0.01905,-0.02529,1.19444,2.39011,0.13714,0.96338,0.04451,-0.04155,0.55556,2.22929
1Y,SPLV,2025-10-07,252,0.00324,0.10511,-0.26694,-0.37783,-0.09219,0.03513,-0.0797,-0.01033,-0.0138,0.02886,-0.95316,0.07925,0.29228,0.0198,-0.01979,0.49603,-0.26693
1Y,SPHB,2025-10-07,252,0.37789,0.2735,1.17476,1.68087,-0.14111,2.67802,-0.01161,-0.02892,-0.03556,1.81838,1.10962,-0.28347,0.23466,0.04896,-0.0567,0.57143,1.17474
5Y,MKT,2021-09-30,1260,0.09557,0.17371,0.61222,0.87958,-0.25993,0.36766,-0.01017,-0.01686,-0.02514,1.01005,,0.15726,6.62431,0.09571,-0.05912,0.52143,1.36897
5Y,SMB,2021-09-30,1260,-0.04348,0.09226,-0.43583,-0.63136,-0.27,-0.16105,-0.27,-0.00942,-0.01159,0.03812,,0.42704,1.22392,0.03174,-0.01698,0.48095,-0.97454
5Y,HML,2021-09-30,1260,-0.00034,0.13725,0.06594,0.09824,-0.29839,-0.00115,-0.20507,-0.01289,-0.01754,-0.33561,,0.31877,0.97051,0.03311,-0.0336,0.46984,0.14745
5Y,MOM,2021-09-30,1260,0.01831,0.16136,0.19344,0.25883,-0.21356,0.08573,-0.15348,-0.01717,-0.0252,0.05591,,-0.6931,2.77249,0.03447,-0.06057,0.52619,0.43255
5Y,RMW,2021-09-30,1260,-0.01304,0.07698,-0.13204,-0.18808,-0.27423,-0.04754,-0.23506,-0.00747,-0.01065,-0.06626,,0.17002,2.19529,0.03058,-0.01969,0.49683,-0.29524
5Y,CMA,2021-09-30,1260,-0.01334,0.09384,-0.09628,-0.13789,-0.27718,-0.04814,-0.27061,-0.00959,-0.013,-0.29251,,0.07634,1.68496,0.02878,-0.02688,0.47698,-0.21528
5Y,QMJ,2021-09-30,1260,-0.05878,0.13167,-0.39433,-0.56828,-0.46721,-0.12581,-0.40449,-0.0124,-0.01798,-0.43792,,0.28366,2.04397,0.03621,-0.03813,0.4627,-0.88175
5Y,BAB,2021-09-30,1260,-0.0879,0.13532,-0.61225,-0.86268,-0.45251,-0.19425,-0.44807,-0.01358,-0.0186,-0.33231,,0.17248,1.42432,0.03609,-0.03713,0.46905,-1.36902
5Y,STREV,2021-09-30,1260,-0.06116,0.13905,-0.38432,-0.5428,-0.37731,-0.16208,-0.32096,-0.013,-0.01971,0.17403,,0.14943,8.8718,0.07484,-0.07162,0.4754,-0.85937
5Y,LTREV,2021-09-30,1260,-0.00901,0.12936,-0.00527,-0.00748,-0.31671,-0.02844,-0.26052,-0.01265,-0.01855,-0.40616,,-0.11231,3.59842,0.03844,-0.05073,0.47937,-0.01178
5Y,RESMOM,2021-09-30,1260,-0.00768,0.12539,0.00133,0.0018,-0.2153,-0.03566,-0.15336,-0.0132,-0.01927,0.019,,-0.45593,2.11856,0.03016,-0.03848,0.51508,0.00298
5Y,IVOL,2021-09-30,1260,-0.09875,0.15992,-0.57025,-0.81823,-0.50765,-0.19452,-0.50506,-0.01535,-0.02163,-0.57671,,0.37546,2.42501,0.05661,-0.04913,0.46587,-1.27511
5Y,MAX,2021-09-30,1260,-0.1319,0.16395,-0.7805,-1.0762,-0.61014,-0.21618,-0.6069,-0.01676,-0.0229,-0.64447,,-0.02929,2.32616,0.04417,-0.06026,0.45238,-1.74525
5Y,LIQ,2021-09-30,1260,0.02185,0.07017,0.34303,0.50964,-0.10329,0.21151,-0.08971,-0.00663,-0.00905,-0.01516,,0.31916,2.26397,0.02551,-0.02208,0.51032,0.76705
5Y,ACC,2021-09-30,1260,0.00995,0.0704,0.17579,0.24777,-0.08713,0.11418,-0.03023,-0.00722,-0.0098,0.03925,,-0.11632,0.94585,0.01971,-0.01803,0.50714,0.39309
5Y,NSI,2021-09-30,1260,-0.00592,0.0903,-0.02068,-0.03001,-0.23397,-0.0253,-0.19442,-0.00885,-0.01211,-0.19588,,0.23355,2.17919,0.02889,-0.02784,0.49048,-0.04623
5Y,DBETA,2021-09-30,1260,0.09873,0.21558,0.54476,0.76118,-0.30493,0.32379,-0.09846,-0.02337,-0.03172,0.91195,,-0.21726,3.16206,0.08852,-0.07649,0.54524,1.21813
5Y,MISP,2021-09-30,1260,0.01054,0.0822,0.16868,0.23519,-0.17166,0.06141,-0.12546,-0.00841,-0.01177,-0.13284,,-0.2843,1.72568,0.01948,-0.03152,0.5127,0.37717
5Y,SPX,2021-09-30,1260,0.13851,0.17145,0.62329,0.90018,-0.24496,0.56545,-0.00231,-0.01642,-0.02461,1.0,,0.31968,9.02735,0.10502,-0.05854,0.53889,1.39401
5Y,Small,2021-09-30,1260,0.15033,0.2175,0.57982,0.86569,-0.26918,0.55848,-0.07783,-0.02015,-0.02873,1.02713,0.1507,0.28234,3.26303,0.09265,-0.07331,0.50873,1.29665
5Y,Mid cap,2021-09-30,1260,0.075,0.19786,0.27451,0.39684,-0.24625,0.30458,-0.08335,-0.01904,-0.02707,1.01321,-0.55463,0.18979,3.92592,0.09339,-0.0643,0.51587,0.61392
5Y,Big,2021-09-30,1260,0.14141,0.17345,0.63283,0.90904,-0.25639,0.55155,-0.00215,-0.01659,-0.02502,1.00912,0.23321,0.1434,6.70168,0.0961,-0.06006,0.53571,1.41537
5Y,Low B/M,2021-09-30,1260,0.14983,0.19661,0.6174,0.88875,-0.2955,0.50703,-0.00221,-0.01918,-0.02823,1.12335,0.32409,0.18597,5.68218,0.10671,-0.05752,0.53651,1.38084
5Y,Mid B/M,2021-09-30,1260,0.09058,0.15566,0.39375,0.56014,-0.21456,0.42219,-0.04886,-0.0147,-0.0222,0.80307,-0.56901,-0.07489,5.13189,0.07405,-0.06215,0.52063,0.88059
5Y,High B/M,2021-09-30,1260,0.12879,0.1749,0.56547,0.82075,-0.20668,0.62315,-0.07247,-0.01681,-0.02473,0.80816,-0.0713,0.07662,4.84424,0.07925,-0.06282,0.51984,1.26457
5Y,Losers,2021-09-30,1260,0.14457,0.20537,0.57715,0.85477,-0.27896,0.51824,-0.02211,-0.01895,-0.02805,1.00905,0.1054,0.32564,5.21336,0.09702,-0.05938,0.52063,1.29075
5Y,Mid momentum,2021-09-30,1260,0.12789,0.16015,0.59716,0.85999,-0.26112,0.48979,-0.02923,-0.01492,-0.02321,0.86807,-0.1773,0.10469,5.33087,0.0765,-0.04843,0.53492,1.33562
5Y,Winners,2021-09-30,1260,0.14143,0.20073,0.57232,0.8131,-0.2657,0.53228,-0.02181,-0.02017,-0.02884,1.08433,0.10407,0.0867,6.06168,0.11252,-0.0691,0.54127,1.27997
5Y,Liquid,2021-09-30,1260,0.13995,0.17341,0.62558,0.89846,-0.25786,0.54276,-0.00205,-0.01647,-0.02503,1.00883,0.12956,0.14674,6.72232,0.09612,-0.05977,0.53492,1.39916
5Y,Mid liquidity,2021-09-30,1260,0.10147,0.19598,0.39944,0.57693,-0.24431,0.41532,-0.06633,-0.01876,-0.02693,1.01711,-0.31944,0.14928,4.29292,0.09512,-0.06662,0.52381,0.89328
5Y,Illiquid,2021-09-30,1260,0.13815,0.21436,0.53551,0.79389,-0.25439,0.54305,-0.08028,-0.02059,-0.02829,1.04155,0.06677,0.24067,2.62998,0.08698,-0.06675,0.51667,1.19759
5Y,Communication Services,2021-09-30,1260,0.13179,0.24523,0.47425,0.68463,-0.46021,0.28636,-0.07538,-0.02407,-0.03489,1.14419,0.06324,0.08387,2.84724,0.09989,-0.06783,0.5254,1.06073
5Y,Consumer Discretionary,2021-09-30,1260,0.0555,0.25466,0.19185,0.27195,-0.41772,0.13286,-0.0768,-0.02607,-0.03627,1.29667,-0.43212,0.08385,3.38471,0.11577,-0.06805,0.51429,0.42905
5Y,Consumer Staples,2021-09-30,1260,0.08283,0.13987,0.37065,0.52087,-0.16698,0.49607,-0.07846,-0.01342,-0.01962,0.39416,-0.34263,-0.43482,4.87851,0.04811,-0.07158,0.51984,0.82882
5Y,Energy,2021-09-30,1260,0.22547,0.26153,0.76552,1.06742,-0.28123,0.80174,-0.04055,-0.02582,-0.03797,0.62783,0.3783,-0.48722,2.70407,0.07901,-0.08976,0.55556,1.71145
5Y,Financials,2021-09-30,1260,0.09177,0.18721,0.36207,0.51296,-0.2585,0.35502,-0.07964,-0.01874,-0.02731,0.89543,-0.35971,-0.01882,4.38012,0.07904,-0.07206,0.53095,0.8098
5Y,Health Care,2021-09-30,1260,0.07436,0.15309,0.29986,0.42879,-0.16754,0.44387,-0.03186,-0.01496,-0.02102,0.56913,-0.43794,-0.08845,1.71199,0.0454,-0.05455,0.51032,0.67053
5Y,Industrials,2021-09-30,1260,0.1308,0.18399,0.55601,0.80664,-0.21992,0.59477,-0.09678,-0.01833,-0.02507,0.92756,-0.04888,0.16653,4.49776,0.0925,-0.06002,0.52698,1.2435
5Y,Information Technology,2021-09-30,1260,0.24618,0.26442,0.82238,1.20486,-0.35318,0.69703,-0.00266,-0.02604,-0.03626,1.40688,0.85832,0.27919,5.03359,0.14151,-0.07009,0.55556,1.83916
5Y,Materials,2021-09-30,1260,0.06431,0.19583,0.22427,0.32172,-0.25026,0.25696,-0.11009,-0.01916,-0.02684,0.89153,-0.50831,0.16664,2.99682,0.08796,-0.05987,0.5119,0.50149
5Y,Real Estate,2021-09-30,1260,0.01736,0.1886,-0.01363,-0.01911,-0.33231,0.05223,-0.10825,-0.0201,-0.02731,0.71576,-0.72338,0.04375,2.70076,0.07395,-0.05044,0.51429,-0.03048
5Y,Utilities,2021-09-30,1260,0.08669,0.17187,0.35133,0.48989,-0.24522,0.35352,-0.11421,-0.01752,-0.02436,0.45124,-0.2582,-0.24653,1.71068,0.04717,-0.05476,0.54286,0.78557
5Y,IWB,2021-09-30,1260,0.13044,0.17186,0.58088,0.83341,-0.25201,0.51761,-0.00334,-0.01668,-0.02471,0.99967,-0.55429,0.14441,6.5567,0.09432,-0.0594,0.53571,1.29919
5Y,IWD,2021-09-30,1260,0.11668,0.14743,0.56773,0.81251,-0.19039,0.61285,-0.02848,-0.01393,-0.02092,0.77131,-0.30453,-0.0447,5.27041,0.07139,-0.06069,0.52619,1.26966
5Y,IWF,2021-09-30,1260,0.13905,0.21741,0.53474,0.76636,-0.32723,0.42495,-0.0041,-0.02153,-0.03106,1.21948,0.1333,0.1917,5.30158,0.11622,-0.05998,0.54603,1.19598
5Y,IWR,2021-09-30,1260,0.07999,0.18194,0.30751,0.43774,-0.26181,0.30554,-0.05112,-0.01743,-0.02564,0.97642,-0.71345,0.06515,4.40276,0.08681,-0.05803,0.52063,0.68774
5Y,IWS,2021-09-30,1260,0.0901,0.17202,0.3692,0.52799,-0.21235,0.42428,-0.05645,-0.01646,-0.02408,0.88431,-0.51828,0.04398,3.94678,0.07922,-0.05562,0.51825,0.82567
5Y,IWP,2021-09-30,1260,0.05204,0.2253,0.17101,0.24237,-0.38623,0.13474,-0.04015,-0.02264,-0.03171,1.19493,-0.68649,0.11939,3.97715,0.10744,-0.06643,0.51349,0.38248
5Y,IWM,2021-09-30,1260,0.06014,0.22336,0.20486,0.29488,-0.31912,0.18846,-0.0865,-0.02147,-0.03016,1.10727,-0.51298,0.12555,1.94149,0.085,-0.0642,0.51746,0.45815
5Y,IWN,2021-09-30,1260,0.07354,0.21035,0.26384,0.38303,-0.26705,0.27537,-0.07303,-0.02017,-0.02834,0.98139,-0.40673,0.15791,2.25455,0.07555,-0.06545,0.50476,0.59003
5Y,IWO,2021-09-30,1260,0.04416,0.24533,0.14558,0.20769,-0.40499,0.10904,-0.10037,-0.02431,-0.03308,1.22619,-0.53793,0.09219,1.67377,0.09516,-0.06434,0.51905,0.32559
5Y,MTUM,2021-09-30,1260,0.13989,0.21996,0.53463,0.75809,-0.32285,0.43331,-0.06323,-0.02188,-0.03215,1.07819,0.0895,-0.0301,4.09384,0.10479,-0.07093,0.53968,1.19571
5Y,QUAL,2021-09-30,1260,0.12467,0.17326,0.548,0.79295,-0.2823,0.44161,-0.00241,-0.01636,-0.02443,0.98558,-0.31077,0.16103,5.42307,0.0868,-0.0554,0.5254,1.22567
5Y,USMV,2021-09-30,1260,0.07831,0.12352,0.36831,0.51743,-0.17931,0.43673,-0.01811,-0.0116,-0.01747,0.59015,-0.615,-0.30867,5.61217,0.05198,-0.05913,0.52778,0.82373
5Y,VLUE,2021-09-30,1260,0.17511,0.18386,0.76549,1.12372,-0.27124,0.64559,-0.01597,-0.01763,-0.02523,0.90852,0.34245,0.05063,3.13998,0.07797,-0.05919,0.51429,1.71184
5Y,SPLV,2021-09-30,1260,0.05202,0.1256,0.16767,0.23381,-0.17258,0.30141,-0.0797,-0.01235,-0.01761,0.44272,-0.62016,-0.27832,3.48629,0.04403,-0.05585,0.51667,0.37494
5Y,SPHB,2021-09-30,1260,0.16791,0.27957,0.56052,0.80683,-0.31494,0.53315,-0.01161,-0.02877,-0.03838,1.48219,0.34883,0.15198,4.45193,0.14135,-0.09043,0.53095,1.25347
Full,MKT,2012-01-03,3712,0.14076,0.16829,0.86716,1.22351,-0.3434,0.40991,-0.01017,-0.0157,-0.02526,1.01663,,-0.40441,15.18631,0.09571,-0.12188,0.54795,3.32816
Full,SMB,2012-01-03,3712,-0.00563,0.08448,-0.02467,-0.03569,-0.27,-0.02086,-0.27,-0.00815,-0.01164,0.07458,,0.22668,4.72751,0.03845,-0.04638,0.49407,-0.09468
Full,HML,2012-01-03,3712,-0.04744,0.12752,-0.31748,-0.46563,-0.60535,-0.07836,-0.54741,-0.01186,-0.01787,-0.09783,,0.61142,7.81828,0.09059,-0.04586,0.46175,-1.21849
Full,MOM,2012-01-03,3712,0.01752,0.14121,0.19414,0.25858,-0.21571,0.08123,-0.15348,-0.014,-0.02221,0.04753,,-1.19647,13.18349,0.04752,-0.12287,0.52694,0.74509
Full,RMW,2012-01-03,3712,0.00869,0.06353,0.16787,0.24126,-0.27423,0.03167,-0.23506,-0.00637,-0.00886,-0.0566,,0.13045,2.92013,0.03058,-0.02001,0.50485,0.64427
Full,CMA,2012-01-03,3712,-0.02559,0.07506,-0.30787,-0.43932,-0.38553,-0.06639,-0.37994,-0.00738,-0.01081,-0.13888,,0.13705,3.25655,0.02878,-0.02688,0.47225,-1.18159
Full,QMJ,2012-01-03,3712,-0.03395,0.10207,-0.28732,-0.40786,-0.49382,-0.06874,-0.43423,-0.01013,-0.01473,-0.30849,,0.14448,3.88456,0.03621,-0.0392,0.4868,-1.10272
Full,BAB,2012-01-03,3712,-0.02161,0.12144,-0.11908,-0.16346,-0.55972,-0.03861,-0.55615,-0.01228,-0.01819,-0.14143,,-0.39007,5.89823,0.05186,-0.07268,0.51347,-0.45704
Full,STREV,2012-01-03,3712,-0.00463,0.11284,0.01523,0.02209,-0.37731,-0.01227,-0.32096,-0.01026,-0.01626,0.14231,,0.31629,10.84199,0.07484,-0.07162,0.49246,0.05846
Full,LTREV,2012-01-03,3712,-0.02601,0.10371,-0.20225,-0.28855,-0.47916,-0.05428,-0.42217,-0.00955,-0.01539,-0.15401,,0.06263,6.30216,0.05261,-0.05073,0.46525,-0.77625
Full,RESMOM,2012-01-03,3712,0.00255,0.11016,0.07852,0.10445,-0.27509,0.00926,-0.15336,-0.0112,-0.01725,0.0215,,-1.33469,18.67986,0.03424,-0.10828,0.52532,0.30135
Full,IVOL,2012-01-03,3712,-0.0645,0.1221,-0.48504,-0.68246,-0.61982,-0.10407,-0.61782,-0.01257,-0.01767,-0.3795,,0.21464,3.73123,0.05661,-0.04913,0.47495,-1.8616
Full,MAX,2012-01-03,3712,-0.06237,0.12433,-0.4557,-0.63219,-0.65678,-0.09496,-0.65393,-0.01266,-0.01852,-0.42914,,-0.09018,4.14868,0.04417,-0.06026,0.47333,-1.74898
Full,LIQ,2012-01-03,3712,0.03216,0.06259,0.53707,0.80191,-0.10329,0.31139,-0.08971,-0.00592,-0.0084,0.01545,,0.30534,3.3942,0.02809,-0.02208,0.50835,2.06129
Full,ACC,2012-01-03,3712,0.02996,0.06843,0.46571,0.65356,-0.091,0.32927,-0.03023,-0.00663,-0.01022,-0.00375,,-0.36384,4.5225,0.02463,-0.0368,0.52344,1.78738
Full,NSI,2012-01-03,3712,-0.00744,0.07556,-0.06104,-0.0891,-0.23397,-0.03178,-0.19442,-0.00732,-0.01049,-0.05347,,0.34317,3.61542,0.02919,-0.02784,0.48464,-0.23428
Full,DBETA,2012-01-03,3712,0.07319,0.166,0.50858,0.72408,-0.30493,0.24002,-0.09846,-0.01649,-0.02473,0.65194,,-0.07057,5.01999,0.08852,-0.07649,0.52775,1.95192
Full,MISP,2012-01-03,3712,0.00123,0.06666,0.05186,0.07093,-0.17166,0.00718,-0.12546,-0.00653,-0.00986,-0.07186,,-0.72139,8.51895,0.01948,-0.05157,0.51562,0.19905
Full,SPX,2012-01-03,3712,0.15154,0.16503,0.83715,1.18235,-0.33717,0.44944,-0.00231,-0.01546,-0.02481,1.0,,-0.31202,14.56339,0.10502,-0.10942,0.55145,3.213
Full,Small,2012-01-03,3712,0.20225,0.21964,0.87327,1.27033,-0.4317,0.4685,-0.07783,-0.01942,-0.03025,1.10653,0.43511,-0.24761,9.29319,0.09614,-0.127,0.53798,3.35141
Full,Mid cap,2012-01-03,3712,0.13564,0.19597,0.66282,0.93185,-0.44184,0.30699,-0.08335,-0.01783,-0.02838,1.07222,-0.0971,-0.56037,13.73305,0.11182,-0.14118,0.53825,2.54373
Full,Big,2012-01-03,3712,0.16058,0.16718,0.8754,1.23732,-0.33279,0.48254,-0.00215,-0.01553,-0.02504,1.01005,0.63583,-0.36538,15.11299,0.0961,-0.12026,0.5555,3.35982
Full,Low B/M,2012-01-03,3712,0.18187,0.17892,0.93086,1.32586,-0.29948,0.60728,-0.00221,-0.01701,-0.02677,1.05386,0.6613,-0.20764,10.82374,0.10671,-0.11395,0.56115,3.57273
Full,Mid B/M,2012-01-03,3712,0.1231,0.16078,0.69952,0.98297,-0.36539,0.33691,-0.04886,-0.01456,-0.02361,0.91058,-0.43502,-0.56258,17.92003,0.09476,-0.1261,0.54256,2.68461
Full,High B/M,2012-01-03,3712,0.13294,0.19756,0.64691,0.91797,-0.45898,0.28965,-0.07247,-0.01797,-0.0287,1.01502,-0.09874,-0.38705,16.89536,0.12193,-0.13693,0.53206,2.48276
Full,Losers,2012-01-03,3712,0.15569,0.20228,0.73453,1.06701,-0.40824,0.38136,-0.02211,-0.01805,-0.02897,1.05201,0.10009,-0.02976,13.85273,0.1207,-0.12347,0.53341,2.81912
Full,Mid momentum,2012-01-03,3712,0.15849,0.16109,0.89103,1.26589,-0.32881,0.48201,-0.02923,-0.01445,-0.02391,0.93352,0.11136,-0.404,14.06731,0.08681,-0.11405,0.55119,3.41972
Full,Winners,2012-01-03,3712,0.16107,0.19056,0.79216,1.11621,-0.33689,0.47811,-0.02181,-0.01889,-0.02852,1.0808,0.18716,-0.28764,11.20756,0.11252,-0.128,0.55469,3.04035
Full,Liquid,2012-01-03,3712,0.15999,0.16715,0.87243,1.23319,-0.33317,0.48021,-0.00205,-0.01551,-0.02504,1.00997,0.60308,-0.36275,15.12786,0.09612,-0.12017,0.55361,3.34844
Full,Mid liquidity,2012-01-03,3712,0.14749,0.19362,0.72218,1.01347,-0.43698,0.33752,-0.06633,-0.01761,-0.02812,1.07086,0.02092,-0.60721,14.18797,0.10893,-0.14236,0.54445,2.77158
Full,Illiquid,2012-01-03,3712,0.18783,0.21255,0.83839,1.21162,-0.40319,0.46586,-0.08028,-0.01963,-0.02958,1.09565,0.3549,-0.28646,8.23491,0.09486,-0.12199,0.54041,3.2176
Full,Communication Services,2012-01-03,3712,0.17664,0.20446,0.81677,1.17358,-0.47462,0.37217,-0.07538,-0.01959,-0.03036,1.01092,0.24401,-0.1159,6.19603,0.09989,-0.10495,0.54984,3.13495
Full,Consumer Discretionary,2012-01-03,3712,0.15797,0.21191,0.72014,1.00981,-0.41772,0.37817,-0.0768,-0.0212,-0.03194,1.13237,0.14129,-0.36108,7.76937,0.11577,-0.129,0.55119,2.76375
Full,Consumer Staples,2012-01-03,3712,0.10426,0.1382,0.66655,0.94979,-0.23067,0.45197,-0.07846,-0.01271,-0.01974,0.56909,-0.37169,-0.23717,14.1039,0.08747,-0.09419,0.53529,2.55802
Full,Energy,2012-01-03,3712,0.08268,0.2825,0.36501,0.50971,-0.73556,0.1124,-0.04055,-0.02578,-0.04059,1.04716,-0.15668,-0.61167,17.02399,0.17206,-0.22342,0.52371,1.40087
Full,Financials,2012-01-03,3712,0.14671,0.20192,0.69701,0.9902,-0.4216,0.348,-0.07964,-0.01874,-0.02958,1.07351,0.02651,-0.22418,14.88011,0.1313,-0.13902,0.5423,2.67502
Full,Health Care,2012-01-03,3712,0.14336,0.16042,0.81199,1.16657,-0.2834,0.50586,-0.03186,-0.01481,-0.02301,0.76997,-0.07515,-0.22784,8.48206,0.0775,-0.1028,0.53421,3.11595
Full,Industrials,2012-01-03,3712,0.14106,0.18866,0.70605,1.00084,-0.42244,0.33393,-0.09678,-0.01791,-0.02739,1.02616,-0.05943,-0.28685,12.23833,0.12104,-0.11709,0.54337,2.70978
Full,Information Technology,2012-01-03,3712,0.23468,0.23002,0.95962,1.38449,-0.35318,0.66447,-0.00266,-0.0223,-0.03362,1.26212,0.7735,-0.04181,9.05801,0.14151,-0.13783,0.56358,3.68323
Full,Materials,2012-01-03,3712,0.1056,0.19925,0.5203,0.73434,-0.37457,0.28192,-0.11009,-0.01944,-0.02863,1.00958,-0.31552,-0.25884,8.4477,0.11867,-0.11714,0.53125,1.99678
Full,Real Estate,2012-01-03,3712,0.08833,0.18806,0.4566,0.62889,-0.41101,0.21491,-0.10825,-0.01752,-0.02754,0.81887,-0.38976,-0.98912,20.6961,0.08843,-0.17648,0.53745,1.75232
Full,Utilities,2012-01-03,3712,0.09662,0.1765,0.51674,0.7272,-0.3629,0.26624,-0.11421,-0.01633,-0.02544,0.59398,-0.29098,-0.04929,16.78756,0.1307,-0.11614,0.54418,1.98317
Full,IWB,2012-01-03,3712,0.14931,0.16669,0.8189,1.15291,-0.34601,0.43153,-0.00334,-0.01576,-0.02503,1.00743,-0.13556,-0.40217,15.02455,0.0948,-0.11906,0.54768,3.14294
Full,IWD,2012-01-03,3712,0.12187,0.16027,0.69437,0.97241,-0.38514,0.31642,-0.02848,-0.01458,-0.02369,0.90812,-0.45703,-0.57027,17.77061,0.10285,-0.11697,0.53879,2.66489
Full,IWF,2012-01-03,3712,0.17186,0.18978,0.84329,1.19605,-0.32723,0.5252,-0.0041,-0.01833,-0.02859,1.10482,0.39479,-0.18288,10.28498,0.11622,-0.11788,0.5563,3.23667
Full,IWR,2012-01-03,3712,0.12298,0.17733,0.64954,0.90504,-0.40591,0.30299,-0.05112,-0.01645,-0.02618,1.01667,-0.39953,-0.61086,16.11846,0.1103,-0.13798,0.5423,2.49283
Full,IWS,2012-01-03,3712,0.11528,0.17675,0.61215,0.8539,-0.43828,0.26302,-0.05645,-0.0161,-0.02586,0.97517,-0.4092,-0.65717,17.15732,0.11309,-0.1332,0.53421,2.34928
Full,IWP,2012-01-03,3712,0.12579,0.1971,0.6157,0.86264,-0.38623,0.32569,-0.04015,-0.01886,-0.02951,1.10139,-0.21524,-0.28522,9.26611,0.10744,-0.12222,0.54607,2.36303
Full,IWM,2012-01-03,3712,0.10906,0.21104,0.51777,0.72758,-0.41133,0.26514,-0.0865,-0.02006,-0.03016,1.10826,-0.27046,-0.47016,7.78112,0.09149,-0.13267,0.53341,1.98713
Full,IWN,2012-01-03,3712,0.10334,0.21112,0.49313,0.69955,-0.46084,0.22425,-0.07303,-0.01914,-0.02979,1.05398,-0.28375,-0.41845,9.71869,0.0872,-0.1312,0.51859,1.89255
Full,IWO,2012-01-03,3712,0.11115,0.22325,0.50975,0.71236,-0.42013,0.26457,-0.10037,-0.02157,-0.0322,1.16701,-0.20947,-0.40029,5.77532,0.09646,-0.12705,0.53879,1.95639
Full,MTUM,2013-04-19,3388,0.16074,0.2014,0.75113,1.05616,-0.34082,0.47161,-0.06323,-0.01953,-0.03083,1.05284,0.1858,-0.28026,9.3479,0.10646,-0.12365,0.55638,2.75425
Full,QUAL,2013-07-19,3325,0.13711,0.17016,0.73184,1.03824,-0.34057,0.40259,-0.00241,-0.01585,-0.02543,0.98659,-0.11798,-0.16115,12.99569,0.10364,-0.10181,0.54226,2.65846
Full,USMV,2012-01-03,3712,0.11431,0.13329,0.75427,1.05731,-0.33099,0.34536,-0.01811,-0.01157,-0.01946,0.72132,-0.49767,-0.58617,20.78834,0.08668,-0.10082,0.54634,2.89472
Full,VLUE,2013-04-19,3388,0.13714,0.18701,0.68425,0.96692,-0.39471,0.34746,-0.01597,-0.01747,-0.02752,0.98374,-0.06301,-0.49322,13.71472,0.10031,-0.12688,0.51476,2.509
Full,SPLV,2012-01-03,3712,0.09576,0.14196,0.59839,0.83376,-0.36261,0.26407,-0.0797,-0.01203,-0.02042,0.67813,-0.52042,-0.62518,27.37098,0.09809,-0.12389,0.53529,2.29634
Full,SPHB,2012-01-03,3712,0.1672,0.26411,0.65492,0.93558,-0.46836,0.357,-0.01161,-0.02606,-0.0381,1.41535,0.24685,-0.14572,7.89371,0.14135,-0.13508,0.52775,2.51357
