model,series,n,alpha,t_alpha,r2,MKT,t_MKT,SMB,t_SMB,HML,t_HML,MOM,t_MOM,RMW,t_RMW,CMA,t_CMA,QMJ,t_QMJ,BAB,t_BAB,STREV,t_STREV,LTREV,t_LTREV,RESMOM,t_RESMOM,IVOL,t_IVOL,MAX,t_MAX,LIQ,t_LIQ,ACC,t_ACC,NSI,t_NSI,DBETA,t_DBETA
CAPM,SPX,3714,-0.00457,-1.72236,0.99388,0.97758,177.34003,,,,,,,,,,,,,,,,,,,,,,,,,,,,,,,,
CAPM,Small,3714,0.03041,1.03893,0.71893,1.1067,61.33655,,,,,,,,,,,,,,,,,,,,,,,,,,,,,,,,
CAPM,Mid cap,3714,-0.02557,-1.25116,0.84018,1.06745,83.74641,,,,,,,,,,,,,,,,,,,,,,,,,,,,,,,,
CAPM,Big,3714,0.00155,0.70884,0.99743,0.99208,757.81783,,,,,,,,,,,,,,,,,,,,,,,,,,,,,,,,
CAPM,Low B/M,3714,0.01503,1.36595,0.94976,1.03617,85.71539,,,,,,,,,,,,,,,,,,,,,,,,,,,,,,,,
CAPM,Mid B/M,3714,-0.01771,-1.19996,0.88218,0.89744,58.48432,,,,,,,,,,,,,,,,,,,,,,,,,,,,,,,,
CAPM,High B/M,3714,-0.01746,-0.63359,0.72438,0.99928,37.25194,,,,,,,,,,,,,,,,,,,,,,,,,,,,,,,,
CAPM,Losers,3714,-0.00215,-0.08611,0.74287,1.03597,55.77488,,,,,,,,,,,,,,,,,,,,,,,,,,,,,,,,
CAPM,Mid momentum,3714,0.00963,0.844,0.91873,0.91748,102.23799,,,,,,,,,,,,,,,,,,,,,,,,,,,,,,,,
CAPM,Winners,3714,-0.00463,-0.28146,0.88308,1.06412,85.90174,,,,,,,,,,,,,,,,,,,,,,,,,,,,,,,,
CAPM,Liquid,3714,0.00105,0.48354,0.99743,0.99193,774.92433,,,,,,,,,,,,,,,,,,,,,,,,,,,,,,,,
CAPM,Mid liquidity,3714,-0.01535,-0.80509,0.85752,1.06542,91.14653,,,,,,,,,,,,,,,,,,,,,,,,,,,,,,,,
CAPM,Illiquid,3714,0.01809,0.67668,0.75304,1.09604,69.26417,,,,,,,,,,,,,,,,,,,,,,,,,,,,,,,,
CAPM,Communication Services,3714,0.02169,0.72632,0.66807,0.99298,48.94909,,,,,,,,,,,,,,,,,,,,,,,,,,,,,,,,
CAPM,Consumer Discretionary,3714,-0.01063,-0.43603,0.79562,1.12339,43.69568,,,,,,,,,,,,,,,,,,,,,,,,,,,,,,,,
CAPM,Consumer Staples,3714,0.01218,0.47252,0.45859,0.55665,19.22695,,,,,,,,,,,,,,,,,,,,,,,,,,,,,,,,
CAPM,Energy,3714,-0.04341,-0.71085,0.36664,1.01694,19.25634,,,,,,,,,,,,,,,,,,,,,,,,,,,,,,,,
CAPM,Financials,3714,-0.01276,-0.5212,0.77806,1.05845,51.53973,,,,,,,,,,,,,,,,,,,,,,,,,,,,,,,,
CAPM,Health Care,3714,0.02039,0.78563,0.62668,0.75486,45.59157,,,,,,,,,,,,,,,,,,,,,,,,,,,,,,,,
CAPM,Industrials,3714,-0.01445,-0.69001,0.81623,1.01288,73.93858,,,,,,,,,,,,,,,,,,,,,,,,,,,,,,,,
CAPM,Information Technology,3714,0.03871,1.52756,0.82278,1.23993,61.62034,,,,,,,,,,,,,,,,,,,,,,,,,,,,,,,,
CAPM,Materials,3714,-0.0389,-1.37749,0.70812,0.99532,71.60611,,,,,,,,,,,,,,,,,,,,,,,,,,,,,,,,
CAPM,Real Estate,3714,-0.03194,-0.90515,0.53082,0.81451,19.26593,,,,,,,,,,,,,,,,,,,,,,,,,,,,,,,,
CAPM,Utilities,3714,0.00618,0.16196,0.30973,0.58388,11.23122,,,,,,,,,,,,,,,,,,,,,,,,,,,,,,,,
CAPM,IWB,3714,-0.00776,-3.9683,0.99609,0.98855,663.48348,,,,,,,,,,,,,,,,,,,,,,,,,,,,,,,,
CAPM,IWD,3714,-0.01819,-1.20057,0.87465,0.89068,52.47825,,,,,,,,,,,,,,,,,,,,,,,,,,,,,,,,
CAPM,IWF,3714,0.0011,0.08129,0.92566,1.08509,70.46858,,,,,,,,,,,,,,,,,,,,,,,,,,,,,,,,
CAPM,IWR,3714,-0.03119,-2.24029,0.91305,1.00696,101.22188,,,,,,,,,,,,,,,,,,,,,,,,,,,,,,,,
CAPM,IWS,3714,-0.03185,-1.66947,0.84181,0.96374,56.83762,,,,,,,,,,,,,,,,,,,,,,,,,,,,,,,,
CAPM,IWP,3714,-0.03771,-2.08276,0.87169,1.09367,65.43174,,,,,,,,,,,,,,,,,,,,,,,,,,,,,,,,
CAPM,IWM,3714,-0.05239,-2.06683,0.7809,1.10818,65.01324,,,,,,,,,,,,,,,,,,,,,,,,,,,,,,,,
CAPM,IWN,3714,-0.04946,-1.66596,0.70472,1.05313,56.17103,,,,,,,,,,,,,,,,,,,,,,,,,,,,,,,,
CAPM,IWO,3714,-0.05662,-2.11558,0.77534,1.16819,47.37786,,,,,,,,,,,,,,,,,,,,,,,,,,,,,,,,
CAPM,MTUM,3390,0.00474,0.19429,0.78003,1.03562,58.56687,,,,,,,,,,,,,,,,,,,,,,,,,,,,,,,,
CAPM,QUAL,3327,-0.00667,-0.76603,0.95964,0.96602,109.41758,,,,,,,,,,,,,,,,,,,,,,,,,,,,,,,,
CAPM,USMV,3714,-0.00232,-0.14482,0.79726,0.70729,35.09092,,,,,,,,,,,,,,,,,,,,,,,,,,,,,,,,
CAPM,VLUE,3390,-0.00876,-0.38667,0.78725,0.9658,56.35675,,,,,,,,,,,,,,,,,,,,,,,,,,,,,,,,
CAPM,SPLV,3714,-0.01168,-0.49997,0.62212,0.6656,16.87979,,,,,,,,,,,,,,,,,,,,,,,,,,,,,,,,
CAPM,SPHB,3714,-0.03113,-1.03597,0.78945,1.39477,47.42111,,,,,,,,,,,,,,,,,,,,,,,,,,,,,,,,
FF3,SPX,3714,-0.00501,-2.40702,0.9953,0.9883,158.5653,-0.08467,-22.88078,0.03225,9.06901,,,,,,,,,,,,,,,,,,,,,,,,,,,,
FF3,Small,3714,0.05195,4.64765,0.96273,1.02168,100.92302,1.15574,93.33188,0.1742,12.70397,,,,,,,,,,,,,,,,,,,,,,,,,,,,
FF3,Mid cap,3714,-0.0108,-3.32775,0.99581,0.99758,489.28111,0.87087,204.1767,0.07309,18.45783,,,,,,,,,,,,,,,,,,,,,,,,,,,,
FF3,Big,3714,-6e-05,-0.18109,0.99995,0.99971,4766.16935,-0.09484,-119.24997,-0.00772,-17.29083,,,,,,,,,,,,,,,,,,,,,,,,,,,,
FF3,Low B/M,3714,0.00703,1.88562,0.99355,1.01809,367.38764,-0.09136,-21.5427,-0.26244,-66.76115,,,,,,,,,,,,,,,,,,,,,,,,,,,,
FF3,Mid B/M,3714,-0.00871,-0.92809,0.94724,0.90757,114.65447,0.17198,11.69998,0.2545,27.16205,,,,,,,,,,,,,,,,,,,,,,,,,,,,
FF3,High B/M,3714,0.0033,0.36662,0.96978,1.05168,198.00435,0.199,20.00987,0.70242,81.13912,,,,,,,,,,,,,,,,,,,,,,,,,,,,
FF3,Losers,3714,0.01254,0.63491,0.85249,1.05304,60.32877,0.27716,11.00868,0.41747,10.96416,,,,,,,,,,,,,,,,,,,,,,,,,,,,
FF3,Mid momentum,3714,0.01465,1.4357,0.94188,0.93476,127.99496,0.01687,1.35085,0.18829,14.13684,,,,,,,,,,,,,,,,,,,,,,,,,,,,
FF3,Winners,3714,-0.01169,-0.82202,0.91508,1.04149,103.77304,-0.03487,-2.07818,-0.25795,-17.52461,,,,,,,,,,,,,,,,,,,,,,,,,,,,
FF3,Liquid,3714,-0.00047,-0.92333,0.99985,1.0,3507.45748,-0.09571,-100.71158,-0.00415,-7.49389,,,,,,,,,,,,,,,,,,,,,,,,,,,,
FF3,Mid liquidity,3714,-0.00223,-0.40855,0.98771,0.99923,310.05475,0.80181,133.91793,0.04858,9.56479,,,,,,,,,,,,,,,,,,,,,,,,,,,,
FF3,Illiquid,3714,0.03589,3.0509,0.95312,1.00534,114.90473,1.09421,59.6869,0.06249,5.62035,,,,,,,,,,,,,,,,,,,,,,,,,,,,
FF3,Communication Services,3714,0.01332,0.47611,0.70353,1.00589,57.5307,-0.31201,-9.86297,-0.14778,-6.47607,,,,,,,,,,,,,,,,,,,,,,,,,,,,
FF3,Consumer Discretionary,3714,-0.01432,-0.64922,0.82677,1.06198,55.22081,0.31905,8.75739,-0.33241,-15.09448,,,,,,,,,,,,,,,,,,,,,,,,,,,,
FF3,Consumer Staples,3714,0.01416,0.56337,0.50275,0.60735,24.28613,-0.29186,-7.97461,0.24919,9.71356,,,,,,,,,,,,,,,,,,,,,,,,,,,,
FF3,Energy,3714,-0.0156,-0.33369,0.58556,1.09398,34.29434,0.22033,2.95208,0.96847,23.08933,,,,,,,,,,,,,,,,,,,,,,,,,,,,
FF3,Financials,3714,0.00154,0.09046,0.89513,1.10411,116.52265,0.07207,4.07255,0.52201,36.21616,,,,,,,,,,,,,,,,,,,,,,,,,,,,
FF3,Health Care,3714,0.02077,0.79764,0.6306,0.77339,46.98161,-0.11587,-3.57566,0.08294,3.4876,,,,,,,,,,,,,,,,,,,,,,,,,,,,
FF3,Industrials,3714,-0.00341,-0.223,0.88969,0.99334,82.74867,0.42854,22.39077,0.18485,11.99667,,,,,,,,,,,,,,,,,,,,,,,,,,,,
FF3,Information Technology,3714,0.02543,1.33061,0.8969,1.20643,113.53089,-0.12774,-6.10049,-0.44947,-27.42411,,,,,,,,,,,,,,,,,,,,,,,,,,,,
FF3,Materials,3714,-0.02606,-1.12758,0.79548,0.97898,63.50134,0.45518,17.68504,0.24059,10.4413,,,,,,,,,,,,,,,,,,,,,,,,,,,,
FF3,Real Estate,3714,-0.02192,-0.65974,0.58875,0.81141,22.053,0.2894,8.22105,0.22611,7.42902,,,,,,,,,,,,,,,,,,,,,,,,,,,,
FF3,Utilities,3714,0.01232,0.33615,0.36735,0.64297,13.91261,-0.23766,-4.34992,0.3815,11.2355,,,,,,,,,,,,,,,,,,,,,,,,,,,,
FF3,IWB,3714,-0.0078,-3.97316,0.99611,0.98989,582.31162,-0.01018,-2.05592,0.00437,2.28868,,,,,,,,,,,,,,,,,,,,,,,,,,,,
FF3,IWD,3714,-0.00788,-1.15531,0.9689,0.92018,149.50846,0.07536,5.23976,0.3628,47.65285,,,,,,,,,,,,,,,,,,,,,,,,,,,,
FF3,IWF,3714,-0.00837,-1.38694,0.98195,1.05888,213.78474,-0.0751,-7.74481,-0.32969,-49.15674,,,,,,,,,,,,,,,,,,,,,,,,,,,,
FF3,IWR,3714,-0.02323,-3.15175,0.9724,0.96396,139.6331,0.50568,38.92538,0.01803,2.25619,,,,,,,,,,,,,,,,,,,,,,,,,,,,
FF3,IWS,3714,-0.01805,-2.30015,0.96885,0.94866,146.79318,0.47199,39.94233,0.2682,34.37139,,,,,,,,,,,,,,,,,,,,,,,,,,,,
FF3,IWP,3714,-0.03999,-3.23586,0.94084,1.00088,131.83055,0.57055,37.6039,-0.42379,-29.81778,,,,,,,,,,,,,,,,,,,,,,,,,,,,
FF3,IWM,3714,-0.03865,-3.28014,0.94971,0.99907,85.63459,1.11063,60.59483,-0.10748,-9.05475,,,,,,,,,,,,,,,,,,,,,,,,,,,,
FF3,IWN,3714,-0.02799,-2.35352,0.94937,0.98481,101.11402,1.03998,62.78857,0.23881,19.11448,,,,,,,,,,,,,,,,,,,,,,,,,,,,
FF3,IWO,3714,-0.04999,-3.37076,0.93145,1.0175,85.70606,1.20309,70.53569,-0.44244,-30.49989,,,,,,,,,,,,,,,,,,,,,,,,,,,,
FF3,MTUM,3390,-0.00734,-0.34691,0.83936,0.99596,59.5489,-0.01565,-0.6592,-0.37099,-13.88997,,,,,,,,,,,,,,,,,,,,,,,,,,,,
FF3,QUAL,3327,-0.00719,-0.8303,0.95993,0.97021,102.84086,-0.03947,-3.53375,0.00836,0.84274,,,,,,,,,,,,,,,,,,,,,,,,,,,,
FF3,USMV,3714,-0.00019,-0.01244,0.81416,0.73385,41.99605,-0.1238,-5.51241,0.15639,10.0612,,,,,,,,,,,,,,,,,,,,,,,,,,,,
FF3,VLUE,3390,0.00415,0.24723,0.85682,0.97806,93.13483,0.227,7.74145,0.28218,14.25597,,,,,,,,,,,,,,,,,,,,,,,,,,,,
FF3,SPLV,3714,-0.00661,-0.3047,0.67712,0.71019,21.16268,-0.16785,-5.50256,0.29814,9.67958,,,,,,,,,,,,,,,,,,,,,,,,,,,,
FF3,SPHB,3714,-0.01772,-0.69328,0.85294,1.34576,39.27771,0.69281,22.25683,0.12406,2.4466,,,,,,,,,,,,,,,,,,,,,,,,,,,,
C4,SPX,3714,-0.005,-2.41413,0.99532,0.98828,161.04048,-0.08543,-24.11783,0.02814,5.71848,-0.00651,-1.91336,,,,,,,,,,,,,,,,,,,,,,,,,,
C4,Small,3714,0.05201,4.692,0.96306,1.02159,106.33253,1.15151,90.45974,0.15137,11.46629,-0.03619,-3.25079,,,,,,,,,,,,,,,,,,,,,,,,,,
C4,Mid cap,3714,-0.01078,-3.33879,0.99589,0.99754,481.17738,0.869,210.19309,0.06296,16.49774,-0.01605,-4.61936,,,,,,,,,,,,,,,,,,,,,,,,,,
C4,Big,3714,-6e-05,-0.18939,0.99995,0.99971,5165.91833,-0.09471,-118.00626,-0.00701,-19.34505,0.00112,2.77889,,,,,,,,,,,,,,,,,,,,,,,,,,
C4,Low B/M,3714,0.00704,1.89288,0.99357,1.01808,381.87949,-0.09223,-21.84353,-0.26715,-67.37744,-0.00746,-2.31901,,,,,,,,,,,,,,,,,,,,,,,,,,
C4,Mid B/M,3714,-0.00871,-0.92685,0.94723,0.90756,113.82315,0.1715,11.72731,0.25191,25.54945,-0.0041,-0.5164,,,,,,,,,,,,,,,,,,,,,,,,,,
C4,High B/M,3714,0.00329,0.36606,0.96977,1.05169,197.13599,0.19932,19.95568,0.70415,77.5392,0.00274,0.34434,,,,,,,,,,,,,,,,,,,,,,,,,,
C4,Losers,3714,0.0135,1.36131,0.96522,1.05158,148.4464,0.20675,14.62435,0.0368,2.84753,-0.60317,-42.01864,,,,,,,,,,,,,,,,,,,,,,,,,,
C4,Mid momentum,3714,0.01484,1.56696,0.94895,0.93446,151.64078,0.00282,0.25026,0.11231,11.11137,-0.12039,-11.89419,,,,,,,,,,,,,,,,,,,,,,,,,,
C4,Winners,3714,-0.01237,-1.69248,0.97827,1.04252,172.29996,0.01479,1.46222,0.01055,1.03345,0.42543,36.82508,,,,,,,,,,,,,,,,,,,,,,,,,,
C4,Liquid,3714,-0.00046,-0.94619,0.99987,0.99998,3332.68353,-0.09655,-100.3267,-0.00865,-16.51027,-0.00713,-12.09683,,,,,,,,,,,,,,,,,,,,,,,,,,
C4,Mid liquidity,3714,-0.00231,-0.4449,0.98871,0.99936,361.56266,0.80816,137.20003,0.08291,17.58042,0.0544,9.18502,,,,,,,,,,,,,,,,,,,,,,,,,,
C4,Illiquid,3714,0.03576,3.03327,0.95519,1.00555,102.47851,1.10428,57.91667,0.11695,8.23934,0.08628,7.44077,,,,,,,,,,,,,,,,,,,,,,,,,,
C4,Communication Services,3714,0.01358,0.48973,0.71119,1.0055,65.60413,-0.33066,-10.25433,-0.24861,-9.67916,-0.15975,-5.83371,,,,,,,,,,,,,,,,,,,,,,,,,,
C4,Consumer Discretionary,3714,-0.01404,-0.65143,0.83567,1.06155,64.9026,0.29826,8.05223,-0.44481,-20.26671,-0.17808,-9.26886,,,,,,,,,,,,,,,,,,,,,,,,,,
C4,Consumer Staples,3714,0.01421,0.5638,0.50309,0.60728,23.85614,-0.29501,-8.11152,0.23218,9.11159,-0.02695,-1.14841,,,,,,,,,,,,,,,,,,,,,,,,,,
C4,Energy,3714,-0.01596,-0.3478,0.59378,1.09453,34.04284,0.24705,3.33338,1.11296,23.3591,0.22893,5.30138,,,,,,,,,,,,,,,,,,,,,,,,,,
C4,Financials,3714,0.00143,0.08423,0.89652,1.10428,113.53639,0.07994,4.60358,0.56456,31.88079,0.06741,4.41831,,,,,,,,,,,,,,,,,,,,,,,,,,
C4,Health Care,3714,0.02082,0.79882,0.63084,0.77333,46.22159,-0.11892,-3.70992,0.06648,2.61743,-0.02609,-1.01616,,,,,,,,,,,,,,,,,,,,,,,,,,
C4,Industrials,3714,-0.00356,-0.23386,0.89268,0.99356,78.17268,0.43929,22.33737,0.24295,14.80986,0.09206,5.79835,,,,,,,,,,,,,,,,,,,,,,,,,,
C4,Information Technology,3714,0.02548,1.33805,0.89711,1.20635,114.15898,-0.13141,-6.23449,-0.46935,-28.42612,-0.0315,-1.8724,,,,,,,,,,,,,,,,,,,,,,,,,,
C4,Materials,3714,-0.02614,-1.12838,0.79634,0.97911,60.80715,0.46145,17.84795,0.2745,11.57055,0.05372,2.59567,,,,,,,,,,,,,,,,,,,,,,,,,,
C4,Real Estate,3714,-0.02186,-0.65651,0.58921,0.81131,21.64534,0.28474,8.19473,0.20091,4.90975,-0.03993,-1.32771,,,,,,,,,,,,,,,,,,,,,,,,,,
C4,Utilities,3714,0.01216,0.33416,0.37168,0.64323,14.43247,-0.22539,-4.1185,0.44787,10.80471,0.10517,3.49802,,,,,,,,,,,,,,,,,,,,,,,,,,
C4,IWB,3714,-0.00778,-3.97886,0.99616,0.98987,559.09015,-0.01142,-2.33256,-0.0023,-1.1648,-0.01058,-6.09125,,,,,,,,,,,,,,,,,,,,,,,,,,
C4,IWD,3714,-0.00792,-1.16847,0.96927,0.92025,157.25602,0.07859,5.35234,0.38029,51.47422,0.02772,3.5454,,,,,,,,,,,,,,,,,,,,,,,,,,
C4,IWF,3714,-0.00828,-1.40461,0.98292,1.05875,251.94553,-0.08123,-8.24908,-0.36282,-57.28356,-0.05249,-6.94773,,,,,,,,,,,,,,,,,,,,,,,,,,
C4,IWR,3714,-0.02325,-3.16364,0.97243,0.96399,142.33465,0.50678,38.87494,0.02401,2.77288,0.00948,1.42577,,,,,,,,,,,,,,,,,,,,,,,,,,
C4,IWS,3714,-0.01809,-2.32101,0.9691,0.94872,153.12822,0.47496,39.64142,0.28422,33.67851,0.02539,3.23284,,,,,,,,,,,,,,,,,,,,,,,,,,
C4,IWP,3714,-0.03995,-3.22781,0.94103,1.00082,131.61138,0.56759,38.03556,-0.43976,-28.79659,-0.02532,-2.05813,,,,,,,,,,,,,,,,,,,,,,,,,,
C4,IWM,3714,-0.03875,-3.30265,0.9509,0.99923,79.25843,1.11823,59.07636,-0.06638,-4.28183,0.06511,5.32689,,,,,,,,,,,,,,,,,,,,,,,,,,
C4,IWN,3714,-0.02808,-2.36503,0.95029,0.98495,96.83507,1.04668,63.14396,0.27503,19.62619,0.05738,4.71864,,,,,,,,,,,,,,,,,,,,,,,,,,
C4,IWO,3714,-0.0501,-3.38678,0.93259,1.01766,79.04021,1.21099,70.97057,-0.39976,-22.17842,0.06764,5.05539,,,,,,,,,,,,,,,,,,,,,,,,,,
C4,MTUM,3390,-0.00607,-0.40842,0.91581,0.99481,88.18603,0.03632,1.79775,-0.0688,-3.03607,0.47894,21.22153,,,,,,,,,,,,,,,,,,,,,,,,,,
C4,QUAL,3327,-0.00737,-0.86815,0.96208,0.97015,112.30786,-0.04693,-4.43398,-0.03443,-3.64593,-0.06771,-8.66868,,,,,,,,,,,,,,,,,,,,,,,,,,
C4,USMV,3714,-0.00018,-0.01173,0.81415,0.73384,41.7241,-0.12458,-5.61689,0.15212,8.22391,-0.00675,-0.42408,,,,,,,,,,,,,,,,,,,,,,,,,,
C4,VLUE,3390,0.00433,0.25984,0.8586,0.97789,95.19345,0.23444,7.67102,0.32549,20.78939,0.06863,3.01146,,,,,,,,,,,,,,,,,,,,,,,,,,
C4,SPLV,3714,-0.00675,-0.31631,0.68196,0.71041,22.2362,-0.15752,-5.22751,0.35401,11.61943,0.08852,3.56534,,,,,,,,,,,,,,,,,,,,,,,,,,
C4,SPHB,3714,-0.01748,-0.69895,0.85675,1.34541,42.70702,0.6758,22.3164,0.03212,0.83231,-0.14569,-3.411,,,,,,,,,,,,,,,,,,,,,,,,,,
FF6,SPX,3714,-0.00538,-2.63967,0.99538,0.991,161.33017,-0.08257,-23.64578,0.02118,3.31018,-0.00559,-1.60117,0.01377,2.75536,0.02049,3.50055,,,,,,,,,,,,,,,,,,,,,,
FF6,Small,3714,0.05431,4.98662,0.96431,1.01058,118.86384,1.13051,79.94262,0.14908,7.50631,-0.0521,-4.28365,-0.12427,-7.46034,-0.04248,-1.66786,,,,,,,,,,,,,,,,,,,,,,
FF6,Mid cap,3714,-0.01061,-3.29062,0.99597,0.99872,493.53672,0.86599,216.10932,0.04612,9.33103,-0.02116,-5.87873,-0.02491,-4.60309,0.02727,3.99523,,,,,,,,,,,,,,,,,,,,,,
FF6,Big,3714,-0.00014,-0.46471,0.99996,0.99995,6989.7621,-0.09389,-115.79111,-0.00579,-9.97949,0.00193,4.84364,0.00531,11.02556,-0.00065,-0.80633,,,,,,,,,,,,,,,,,,,,,,
FF6,Low B/M,3714,0.00675,1.86485,0.99409,1.01459,387.44227,-0.086,-20.68383,-0.22602,-41.8519,0.0042,1.1923,0.05436,10.53634,-0.06913,-9.70307,,,,,,,,,,,,,,,,,,,,,,
FF6,Mid B/M,3714,-0.01073,-1.15863,0.94962,0.92358,117.03488,0.18538,14.02294,0.20104,13.96327,-0.00256,-0.32652,0.05948,3.36816,0.13392,6.63778,,,,,,,,,,,,,,,,,,,,,,
FF6,High B/M,3714,0.00608,0.71843,0.97246,1.0419,207.66985,0.17119,16.97324,0.67138,57.42067,-0.02367,-3.27573,-0.17926,-13.31794,0.00312,0.19235,,,,,,,,,,,,,,,,,,,,,,
FF6,Losers,3714,0.01552,1.59371,0.96634,1.03983,147.59032,0.18977,13.70583,0.05201,3.48512,-0.6131,-41.52734,-0.09302,-5.17335,-0.06879,-3.33813,,,,,,,,,,,,,,,,,,,,,,
FF6,Mid momentum,3714,0.01339,1.429,0.95007,0.94544,155.21629,0.01312,1.18607,0.07999,5.41733,-0.11832,-11.30702,0.04647,2.98492,0.0884,4.25671,,,,,,,,,,,,,,,,,,,,,,
FF6,Winners,3714,-0.01146,-1.58218,0.97852,1.03695,194.48014,0.0074,0.70938,0.01994,1.53079,0.42158,35.34063,-0.03933,-2.80085,-0.03555,-2.16923,,,,,,,,,,,,,,,,,,,,,,
FF6,Liquid,3714,-0.00059,-1.25867,0.99988,1.00027,4201.83797,-0.09515,-97.7679,-0.00586,-7.13963,-0.00563,-10.30526,0.0094,10.80242,-0.0025,-2.16422,,,,,,,,,,,,,,,,,,,,,,
FF6,Mid liquidity,3714,-0.00166,-0.3213,0.98905,0.99936,377.30314,0.79984,129.99106,0.05587,8.2266,0.04361,7.92692,-0.06053,-7.02878,0.03596,3.56963,,,,,,,,,,,,,,,,,,,,,,
FF6,Illiquid,3714,0.03863,3.37555,0.95784,0.99652,123.63948,1.07449,54.56936,0.07417,2.79558,0.05693,4.4652,-0.19335,-9.56377,0.01961,0.57534,,,,,,,,,,,,,,,,,,,,,,
FF6,Communication Services,3714,0.0166,0.60337,0.72095,0.96674,65.58141,-0.34069,-11.95715,-0.04887,-1.26844,-0.1329,-5.03282,0.02757,0.54802,-0.42599,-7.56319,,,,,,,,,,,,,,,,,,,,,,
FF6,Consumer Discretionary,3714,-0.00924,-0.43879,0.84556,1.01823,60.63775,0.26918,8.93641,-0.27974,-9.15746,-0.17126,-8.44994,-0.0993,-2.81633,-0.3987,-7.26446,,,,,,,,,,,,,,,,,,,,,,
FF6,Consumer Staples,3714,0.00225,0.09899,0.6019,0.69284,29.77307,-0.20614,-8.09192,0.00829,0.24989,0.00031,0.01587,0.42466,10.9992,0.6516,13.61443,,,,,,,,,,,,,,,,,,,,,,
FF6,Energy,3714,-0.00971,-0.21301,0.59921,1.06404,30.55796,0.19022,2.73407,1.11095,14.47439,0.18659,4.02071,-0.33438,-4.17719,-0.12339,-1.13289,,,,,,,,,,,,,,,,,,,,,,
FF6,Financials,3714,0.00576,0.34892,0.9017,1.08209,112.42308,0.04141,2.30409,0.57231,23.17742,0.04027,2.6782,-0.22272,-8.59392,-0.10205,-3.00538,,,,,,,,,,,,,,,,,,,,,,
FF6,Health Care,3714,0.01635,0.64411,0.65059,0.81902,51.52325,-0.09578,-3.45288,-0.13214,-3.72214,-0.04306,-1.8949,0.04988,1.11935,0.45314,8.88394,,,,,,,,,,,,,,,,,,,,,,
FF6,Industrials,3714,-0.00689,-0.45778,0.89692,1.01814,78.69055,0.46352,24.68377,0.1744,7.21462,0.09821,6.36442,0.11252,4.05217,0.19282,6.00021,,,,,,,,,,,,,,,,,,,,,,
FF6,Information Technology,3714,0.02521,1.36115,0.90061,1.19038,105.87994,-0.11642,-5.96047,-0.32484,-11.95795,0.00437,0.26168,0.15049,4.53868,-0.25832,-5.74917,,,,,,,,,,,,,,,,,,,,,,
FF6,Materials,3714,-0.02963,-1.29055,0.80109,1.0073,59.05812,0.48508,19.27824,0.18238,5.56758,0.05539,2.60234,0.09884,2.92456,0.23909,5.79077,,,,,,,,,,,,,,,,,,,,,,
FF6,Real Estate,3714,-0.02389,-0.71821,0.59272,0.83403,23.17984,0.29385,8.58788,0.09437,1.5649,-0.05147,-1.51205,0.00741,0.14954,0.23567,3.70304,,,,,,,,,,,,,,,,,,,,,,
FF6,Utilities,3714,0.00748,0.2055,0.38089,0.67742,14.44809,-0.1912,-3.75921,0.35408,7.4774,0.11434,3.57932,0.16007,3.12797,0.26616,3.0047,,,,,,,,,,,,,,,,,,,,,,
FF6,IWB,3714,-0.00765,-3.89068,0.9962,0.99037,436.48766,-0.01343,-2.86229,-0.01185,-2.82362,-0.0137,-6.68435,-0.01595,-4.23023,0.01478,1.79077,,,,,,,,,,,,,,,,,,,,,,
FF6,IWD,3714,-0.00857,-1.33898,0.97372,0.93706,161.17144,0.07452,6.63726,0.26621,24.1458,0.00513,0.81589,-0.07329,-5.20849,0.22131,11.13451,,,,,,,,,,,,,,,,,,,,,,
FF6,IWF,3714,-0.00713,-1.28292,0.98517,1.04216,256.77328,-0.08373,-11.05346,-0.27152,-26.06137,-0.03868,-6.49387,0.02485,1.80879,-0.19005,-12.9376,,,,,,,,,,,,,,,,,,,,,,
FF6,IWR,3714,-0.02257,-3.10856,0.97334,0.96656,125.04692,0.49635,40.89969,-0.02534,-2.49166,-0.0067,-0.99451,-0.08261,-6.1769,0.07629,3.94299,,,,,,,,,,,,,,,,,,,,,,
FF6,IWS,3714,-0.01859,-2.41151,0.97118,0.96149,148.16136,0.47199,45.90464,0.19805,17.7007,0.00842,1.23434,-0.05467,-3.77915,0.16744,8.35776,,,,,,,,,,,,,,,,,,,,,,
FF6,IWP,3714,-0.03585,-3.07588,0.94593,0.97889,117.468,0.53169,36.48723,-0.42508,-24.03272,-0.04933,-3.89671,-0.20433,-8.92403,-0.11017,-4.66545,,,,,,,,,,,,,,,,,,,,,,
FF6,IWM,3714,-0.0329,-3.18755,0.96019,0.9739,99.31592,1.06265,52.62348,-0.09529,-4.3567,0.01908,1.64315,-0.33869,-18.34565,-0.06624,-2.7964,,,,,,,,,,,,,,,,,,,,,,
FF6,IWN,3714,-0.02402,-2.14488,0.95518,0.97016,103.73799,1.00612,58.4707,0.23176,11.87182,0.01998,1.71826,-0.25676,-13.80845,-0.00356,-0.1425,,,,,,,,,,,,,,,,,,,,,,
FF6,IWO,3714,-0.0422,-3.29547,0.94704,0.97945,103.52393,1.13894,66.74728,-0.40496,-18.26633,0.0135,1.17904,-0.42506,-20.27641,-0.15106,-6.14382,,,,,,,,,,,,,,,,,,,,,,
FF6,MTUM,3390,-0.00017,-0.01188,0.92437,0.98048,77.60989,-0.0191,-1.07596,-0.13098,-5.01881,0.42986,22.83777,-0.32396,-9.56932,0.02354,0.57801,,,,,,,,,,,,,,,,,,,,,,
FF6,QUAL,3327,-0.01086,-1.36522,0.96618,0.98375,111.00571,-0.01484,-1.6065,-0.03133,-2.46763,-0.04483,-4.97381,0.17204,12.20646,0.05224,2.72341,,,,,,,,,,,,,,,,,,,,,,
FF6,USMV,3714,-0.00587,-0.39383,0.83706,0.77277,49.24146,-0.08105,-4.21429,0.0603,2.71921,0.00967,0.63519,0.21575,9.81732,0.28313,8.50008,,,,,,,,,,,,,,,,,,,,,,
FF6,VLUE,3390,0.00673,0.40669,0.86361,0.99276,92.46031,0.21762,8.34143,0.18986,5.988,0.03441,2.17211,-0.15085,-3.36965,0.24335,5.54934,,,,,,,,,,,,,,,,,,,,,,
FF6,SPLV,3714,-0.01454,-0.71307,0.71945,0.7631,25.82486,-0.09735,-3.70462,0.23379,6.93585,0.11236,4.89918,0.3011,8.62941,0.37781,8.24994,,,,,,,,,,,,,,,,,,,,,,
FF6,SPHB,3714,-0.00741,-0.31297,0.87521,1.30585,48.69526,0.57719,20.72854,-0.05138,-1.07822,-0.23288,-6.37647,-0.61483,-10.85596,-0.05247,-0.88365,,,,,,,,,,,,,,,,,,,,,,
ALL,SPX,3714,-0.00543,-2.73409,0.99563,0.98965,212.66255,-0.09005,-13.87191,0.01855,2.75791,0.01466,1.56288,0.01618,2.68548,0.0222,3.40483,0.01671,1.7212,-0.01638,-2.06561,0.01117,2.04963,0.01637,2.25771,-0.02143,-1.79145,0.00122,0.24524,-0.01657,-2.00059,-0.00651,-0.74017,-0.00474,-0.88297,-0.00861,-1.249,-0.00223,-0.44815
ALL,Small,3714,0.02581,2.97226,0.97739,1.01542,68.81896,0.82369,34.16968,0.20841,12.16177,-0.02068,-1.2925,-0.01536,-0.67638,-0.08685,-3.30991,0.08686,3.23004,-0.01186,-0.39309,0.05236,6.24238,-0.0177,-1.16971,-0.11592,-5.37989,-0.03611,-1.94201,-0.07503,-3.05017,0.59901,17.3488,0.14397,7.5698,0.00867,0.34497,-0.02179,-1.01967
ALL,Mid cap,3714,-0.0055,-1.92175,0.99675,0.99847,239.12496,0.92586,151.07294,0.0296,5.52297,-0.03956,-7.33622,-0.04414,-5.82876,0.02717,3.39475,-0.04832,-5.49953,0.00019,0.02073,-0.00615,-1.7366,0.00688,1.32322,0.04032,4.93854,0.00921,1.43153,0.02247,2.2113,-0.12012,-13.5533,-0.00262,-0.39779,0.03057,3.77874,-0.00505,-0.74729
ALL,Big,3714,8e-05,0.27396,0.99996,0.99999,3169.51292,-0.09125,-101.04239,-0.00631,-10.88645,0.00299,5.22166,0.00234,3.57543,-0.00025,-0.26889,0.00046,0.56682,0.00129,2.07576,0.00074,2.15125,-0.00154,-2.62267,-0.00138,-1.93449,0.00332,5.59504,-0.0024,-3.43076,-0.00294,-4.52456,-0.00094,-1.81327,0.00013,0.18901,-0.00027,-0.49245
ALL,Low B/M,3714,0.00404,1.23332,0.99497,1.00405,302.93586,-0.10779,-20.48148,-0.16994,-30.43268,0.00962,1.59805,0.06811,8.91063,-0.03933,-5.22596,0.05393,5.70329,-0.00063,-0.08824,0.00177,0.56057,-0.01954,-3.552,0.0031,0.39326,0.00054,0.07804,-0.01442,-1.81196,0.03953,6.15806,0.06654,10.31249,-0.04164,-4.99898,0.04195,6.35972
ALL,Mid B/M,3714,-0.0119,-1.43321,0.96048,0.98593,99.485,0.21693,13.03701,0.20413,11.84148,-0.01405,-0.91029,-0.02789,-1.22497,0.07992,3.75302,0.04045,1.5303,0.03033,1.4792,0.01212,1.28108,-0.04492,-2.5009,-0.02508,-1.19195,-0.04655,-2.60399,0.03119,1.54707,0.05345,2.90171,-0.0004,-0.02052,-0.03157,-1.38556,-0.11738,-6.36832
ALL,High B/M,3714,0.00705,0.92774,0.97786,1.02695,127.44962,0.15468,10.1506,0.52745,39.26402,-0.08336,-5.81584,-0.1659,-9.12166,-0.06712,-3.69844,-0.29428,-13.92667,-0.02363,-1.29989,0.01021,1.36793,0.01685,1.27287,0.07602,4.00031,0.09783,5.86495,-0.00147,-0.08138,-0.00929,-0.57452,-0.02446,-1.68729,0.31926,18.51653,-0.06878,-4.95135
ALL,Losers,3714,0.01,1.08698,0.96996,0.97094,91.75882,0.1006,5.38827,0.05124,2.92653,-0.63191,-25.88343,0.01258,0.58042,-0.05845,-2.40343,-0.07941,-2.94335,0.09294,4.07573,0.01023,0.81141,0.06353,3.66682,0.02373,0.76539,-0.11562,-5.13923,-0.02037,-0.57947,0.03274,1.45053,0.0618,3.34307,0.09449,3.87556,0.05233,2.69592
ALL,Mid momentum,3714,0.00951,1.10151,0.95825,0.98448,101.89704,0.0267,1.87774,-0.01101,-0.64998,-0.08679,-4.15943,-0.01274,-0.57454,-0.00032,-0.01495,0.01061,0.36307,-0.01647,-0.85862,0.01499,1.42047,0.04862,2.57797,-0.10339,-3.92665,0.16725,7.23705,0.01846,0.76352,0.1289,7.25707,-0.01576,-0.73536,-0.00734,-0.30454,0.01554,0.78062
ALL,Winners,3714,-0.01071,-1.58269,0.98111,1.01722,136.27688,-0.01611,-0.98788,0.05164,3.83894,0.42028,29.09604,-0.01261,-0.71035,0.00276,0.13838,0.01241,0.56477,-0.02685,-1.58862,0.01276,1.26846,0.00447,0.32895,0.03969,1.94698,-0.10046,-5.63954,0.02036,0.78001,-0.06038,-3.38942,0.01896,1.20684,0.01716,1.02945,0.00469,0.30302
ALL,Liquid,3714,0.00017,0.43219,0.99992,0.99992,2479.01418,-0.08594,-91.66391,-0.00496,-6.55553,-0.00061,-0.83319,0.00213,2.34958,-0.0004,-0.42073,0.00029,0.25804,0.00216,2.46731,0.00237,5.48192,-0.00211,-3.03234,-0.00381,-3.96227,-0.00031,-0.43193,-0.00261,-3.04394,-0.01933,-21.21872,0.00182,2.38744,0.00206,2.21413,-0.00244,-3.31281
ALL,Mid liquidity,3714,-0.00128,-0.25516,0.98957,1.00345,158.24465,0.80205,66.34162,0.03342,3.63959,-0.00235,-0.243,-0.02532,-2.01621,0.02469,1.89246,-0.05673,-3.75433,-0.01788,-1.23233,-0.01505,-2.85466,0.02262,2.18646,0.0573,4.35992,0.0388,4.0533,0.02247,1.67507,0.00808,0.46233,-0.01257,-1.05027,0.00129,0.09902,0.00699,0.63812
ALL,Illiquid,3714,0.00616,0.8581,0.98197,0.99226,83.63231,0.69731,28.94399,0.10221,7.5826,0.00514,0.34769,-0.05687,-2.5748,-0.03178,-1.28878,0.1004,4.88838,0.01349,0.57187,0.00482,0.67443,-0.0465,-2.87779,-0.04272,-2.30417,-0.00977,-0.57441,-0.06194,-3.43913,0.79342,26.10142,0.03493,2.21705,0.00867,0.37737,0.03346,1.93436
ALL,Communication Services,3714,0.00699,0.27621,0.76389,0.97171,36.83069,-0.20789,-4.5757,0.17839,3.71368,-0.17369,-3.15078,-0.27424,-4.16543,-0.48502,-8.14605,0.46832,5.58661,-0.02013,-0.38015,0.01912,0.81624,0.08066,1.75386,0.12156,1.68352,0.23157,3.95509,-0.13147,-2.41069,-0.03874,-0.71475,0.65142,13.15602,-0.03945,-0.60894,0.25467,4.49001
ALL,Consumer Discretionary,3714,-0.00937,-0.47712,0.86461,0.97752,41.39492,0.38773,11.64268,-0.20811,-4.50218,-0.00431,-0.09967,0.13207,2.47596,-0.39829,-7.75471,-0.43429,-5.95339,0.06266,1.53356,0.00515,0.26395,0.10497,2.67712,-0.19404,-3.28464,0.12812,2.59825,-0.02958,-0.61577,-0.33568,-9.03734,0.42122,8.46386,0.06569,1.1828,-0.02102,-0.54513
ALL,Consumer Staples,3714,0.00063,0.03581,0.77094,0.85944,44.4658,-0.07394,-1.5537,-0.13256,-4.15847,-0.27914,-7.72166,0.26665,5.69111,0.36992,8.18809,-0.07904,-1.38638,0.19542,5.49223,0.0366,2.22892,0.13406,4.05195,0.20318,3.65887,0.01335,0.43977,0.02678,0.74699,0.1218,1.91239,0.0137,0.3389,-0.06457,-1.56514,-0.31599,-8.0631
ALL,Energy,3714,-0.02396,-0.58794,0.69167,1.18754,22.93262,0.20023,1.39303,1.99911,25.86255,0.21835,2.54001,-0.44038,-3.4161,0.09294,0.74383,0.64834,5.36106,-0.48132,-5.25041,-0.09051,-2.04477,-0.29346,-3.06958,0.31954,2.55736,-0.57105,-6.75915,0.01118,0.10775,-0.29822,-1.78239,1.05002,12.80913,-0.23891,-2.38271,-0.2096,-2.03651
ALL,Financials,3714,0.01056,0.74615,0.9325,1.09049,72.36687,0.06328,2.32239,0.19124,6.86085,0.00522,0.18021,-0.35627,-11.49158,-0.29332,-7.69377,-0.45694,-10.53072,-0.08267,-2.41093,-0.01169,-0.7018,-0.00731,-0.24479,-0.0027,-0.07306,0.29733,9.56351,0.05626,1.70474,0.03516,1.01144,-0.22939,-8.60468,0.63159,18.15709,-0.09712,-3.33457
ALL,Health Care,3714,0.01326,0.61888,0.74183,1.03617,46.34303,-0.02325,-0.71995,-0.33092,-8.8916,-0.03861,-0.8958,-0.3541,-7.44166,0.1331,2.89511,0.21594,3.48139,-0.0204,-0.45561,0.06054,2.9907,0.04924,1.33145,-0.14641,-2.60106,-0.10524,-2.17974,0.05145,1.11018,0.17667,3.99567,-0.19179,-4.47623,0.06916,1.28377,-0.41008,-9.84389
ALL,Industrials,3714,-0.00794,-0.56376,0.91088,1.03078,65.94216,0.3641,11.57769,-0.00344,-0.1192,0.01271,0.42106,0.16197,4.65026,0.12432,3.96182,-0.04723,-1.07141,-0.17415,-5.64102,-0.00399,-0.28853,0.12573,4.5738,0.10517,2.5054,0.12925,4.55625,0.00405,0.13449,0.15448,3.61673,-0.23536,-7.3836,0.07605,2.22905,0.00786,0.27403
ALL,Information Technology,3714,0.02158,1.37867,0.92702,1.06925,52.2362,-0.28163,-9.9884,-0.10067,-2.83875,0.0342,1.1116,0.22969,5.77902,-0.0082,-0.18194,0.1995,3.64791,-0.06452,-1.56172,-0.01356,-0.91431,-0.19305,-7.06508,0.09157,2.21753,-0.20853,-6.20101,-0.01307,-0.34922,0.04926,1.47297,0.06483,1.77273,0.00948,0.23192,0.20746,5.88382
ALL,Materials,3714,-0.02951,-1.34282,0.81071,1.13913,49.03868,0.46324,12.35694,0.27739,6.2911,-0.01961,-0.54685,0.10138,2.16257,0.23261,4.92032,0.2885,4.45537,-0.3162,-6.80422,-0.00958,-0.48555,0.06573,1.72589,0.15447,3.02382,-0.06308,-1.44745,0.04496,0.85023,0.04902,1.01248,-0.06996,-1.70142,-0.33954,-6.43555,-0.13972,-3.27785
ALL,Real Estate,3714,-0.00666,-0.28694,0.7696,0.92483,35.77718,0.58796,14.24239,0.0189,0.43246,-0.39454,-7.69161,0.26134,4.72469,0.23213,4.36798,-0.46896,-7.62073,0.41235,7.68232,0.09312,3.43588,0.09166,2.32386,0.26587,3.96119,0.32535,6.9086,0.02001,0.31155,-0.12511,-1.98547,-0.05214,-1.28592,-0.61102,-11.08815,-0.13287,-3.02446
ALL,Utilities,3714,0.01103,0.41324,0.64105,0.72056,20.36813,-0.0623,-0.99291,0.3336,5.98949,-0.32937,-5.28142,0.53075,6.81008,0.25952,3.16156,-0.46471,-6.18735,0.67281,10.81814,0.05327,1.49223,0.05634,1.15215,0.31031,4.17163,0.08244,1.32684,-0.00552,-0.07492,0.18588,2.4668,-0.05945,-0.95298,-0.63085,-9.50666,-0.12644,-2.29552
ALL,IWB,3714,-0.0065,-3.3623,0.9963,0.99495,296.96765,-0.00484,-0.60624,-0.01233,-2.30726,-0.00706,-1.24755,-0.01956,-3.68213,0.01565,1.73395,0.00206,0.30518,-0.01139,-2.77581,0.00586,3.17654,0.00567,1.35485,-0.00267,-0.43289,-0.006,-1.31765,-0.00677,-1.58919,-0.02812,-3.25209,-0.00719,-1.27951,-0.00687,-1.08961,-0.01791,-4.15691
ALL,IWD,3714,-0.00966,-1.7652,0.97945,1.00075,123.41653,0.07854,4.31715,0.19014,14.89158,-0.07298,-5.25531,-0.09691,-6.89272,0.11223,5.3015,-0.02662,-1.39671,-0.04832,-3.31062,-0.00791,-1.46657,0.08637,7.34338,0.07117,3.70833,-0.00887,-0.61248,0.02489,1.82759,0.04545,2.19257,-0.05604,-3.70853,0.0136,0.83684,-0.12405,-9.44974
ALL,IWF,3714,-0.00352,-0.74461,0.98899,0.98863,145.92514,-0.07461,-5.47924,-0.20911,-16.09171,0.02927,2.41587,0.03755,2.83434,-0.08511,-6.02741,0.02908,1.51189,0.02303,1.82203,0.02749,5.40104,-0.06378,-5.55855,-0.04578,-2.57939,0.00094,0.07671,-0.04251,-3.6259,-0.09442,-5.86815,0.03161,2.49547,-0.01986,-1.4926,0.08403,6.83077
ALL,IWR,3714,-0.02004,-2.98568,0.97657,1.00209,116.59129,0.52519,30.62643,-0.06124,-4.18892,-0.06106,-3.92482,-0.07221,-4.01069,0.04488,2.18255,-0.12401,-6.10513,-0.00681,-0.4283,0.01169,1.91984,-0.00672,-0.53183,0.05993,2.74246,0.00508,0.33926,0.02441,1.5722,-0.02863,-1.18014,-0.02313,-1.25699,0.02881,1.54262,-0.11119,-8.0383
ALL,IWS,3714,-0.01636,-2.38725,0.97587,0.99048,113.74091,0.50043,28.26298,0.16301,10.62243,-0.08394,-5.12976,0.02581,1.41827,0.13007,6.44845,-0.12305,-5.77775,0.00934,0.56401,-0.00752,-1.16948,0.07438,5.63316,0.10281,4.37624,-0.00217,-0.13648,0.03099,1.90584,-0.04121,-1.56796,-0.02412,-1.33664,-0.05964,-3.17835,-0.07417,-5.17366
ALL,IWP,3714,-0.02835,-2.54051,0.95118,1.00026,96.60491,0.56264,26.48146,-0.47225,-21.88532,-0.02764,-1.19691,-0.27681,-9.09019,-0.08646,-3.32901,-0.12829,-3.6786,-0.04968,-2.13909,0.06855,6.38171,-0.11548,-5.4846,-0.00025,-0.00761,0.01398,0.58955,-0.02399,-0.90087,-0.09319,-3.20262,-0.07954,-3.41142,0.14709,5.71112,-0.15432,-6.98334
ALL,IWM,3714,-0.05437,-6.03164,0.97023,0.98561,91.20431,0.79788,33.81032,-0.02764,-1.42398,0.02836,1.58996,-0.19505,-8.65995,-0.07948,-3.34046,0.00162,0.05853,-0.00921,-0.33835,0.00881,0.96569,-0.06733,-3.41649,-0.06885,-3.05801,-0.10948,-5.51107,-0.05081,-2.87361,0.47614,17.46159,0.04449,2.54763,0.00244,0.11127,-0.09382,-4.40409
ALL,IWN,3714,-0.04847,-4.92284,0.96749,0.95466,81.53225,0.72359,33.31788,0.29282,15.6906,0.00073,0.04026,-0.06422,-2.79825,-0.02093,-0.94336,0.00401,0.1341,0.05713,2.59623,-0.0104,-1.17624,-0.02019,-1.16817,-0.05739,-2.41606,-0.08301,-4.00313,-0.04404,-2.11946,0.53581,18.91757,0.06333,3.17317,-0.03855,-1.60011,0.00047,0.02344
ALL,IWO,3714,-0.0612,-5.13513,0.95533,1.00421,75.96133,0.88742,42.5708,-0.33561,-12.94544,0.03849,1.70608,-0.33352,-12.0738,-0.16053,-6.18282,0.01063,0.32635,-0.04773,-1.70851,0.02964,2.446,-0.10109,-4.11577,-0.06681,-2.41279,-0.13806,-5.65067,-0.06224,-2.76452,0.42376,14.10484,0.03448,1.55345,0.05376,1.96819,-0.15543,-6.37658
ALL,MTUM,3390,-0.00056,-0.0407,0.93032,0.93992,49.68364,-0.09167,-2.77242,-0.11593,-3.79315,0.36004,8.31578,-0.15482,-3.5168,0.07119,1.62809,-0.19474,-3.59814,0.0738,2.03152,0.02508,1.46232,0.00097,0.0357,0.10401,1.78661,-0.20275,-5.37378,0.04059,0.95548,-0.03381,-0.70984,-0.00739,-0.16664,0.05335,1.42652,-0.06439,-1.91087
ALL,QUAL,3327,-0.01127,-1.45443,0.96843,1.00104,110.18753,-0.03711,-2.18554,-0.0842,-4.98536,-0.10878,-6.21974,0.06234,3.26684,0.01354,0.7097,0.15963,6.15394,-0.03699,-1.95329,0.01613,1.84303,0.03832,2.58789,0.08191,2.96201,-0.06442,-3.56118,0.03134,1.52844,0.05747,2.19258,-0.09361,-4.69649,0.02029,0.97966,0.0086,0.50992
ALL,USMV,3714,-0.00514,-0.60282,0.93478,0.85919,63.94737,0.02449,1.34161,-0.08249,-3.99929,-0.17995,-8.52033,0.05119,1.96589,0.09975,4.2504,0.00678,0.26835,0.21788,8.32247,0.04748,2.82565,0.09435,4.3013,0.11272,3.50743,0.00548,0.21578,0.04543,1.31585,0.09064,4.50689,-0.05756,-2.7575,-0.04869,-2.07043,-0.12687,-5.9033
ALL,VLUE,3390,-0.00957,-0.65608,0.88284,0.94722,44.02898,0.00519,0.12342,0.17193,5.11424,0.00417,0.13772,0.09991,2.40595,0.18701,4.52597,-0.17523,-2.76195,-0.0215,-0.59919,-0.03657,-2.39387,0.14347,3.89041,0.03253,0.76784,-0.21769,-5.77212,0.03621,1.12057,0.16275,3.66564,0.05477,1.5662,0.15519,3.50184,-0.02856,-0.89776
ALL,SPLV,3714,-0.00912,-0.92237,0.92025,0.85936,53.74775,0.11099,4.35553,0.02767,1.17622,-0.16167,-6.57286,0.11955,3.41975,0.14566,4.61685,-0.13977,-4.16647,0.38909,14.60092,0.06462,3.21828,0.1102,4.53794,0.15828,4.5884,0.17642,7.71487,-0.03886,-1.36695,0.0599,2.07809,-0.05234,-2.30368,-0.07176,-2.63682,-0.1625,-6.49387
ALL,SPHB,3714,-0.01696,-1.24818,0.95681,1.17232,61.63408,0.21485,7.95437,0.07958,2.80775,-0.13385,-4.47918,0.06114,1.58601,0.22213,6.44192,-0.30819,-6.93254,-0.42798,-11.25831,-0.04182,-1.83409,0.09111,3.06646,0.05467,1.28454,-0.15498,-4.99377,0.10604,2.5846,0.03588,1.03914,-0.01309,-0.47892,-0.06925,-1.97497,0.14986,5.08056
